Line,X,Y,Ch1,Ch2,Ch3,Ch4
Livs0125s3a,287583.54,2476410.89,-0.6,-0.21,-0.2,-0.19
Livs0125s3a,287583.54,2476410.89,-0.61,-0.32,-0.19,0
Livs0125s3a,287583.54,2476410.89,-0.62,-0.4,-0.3,-0.08
Livs0125s3a,287583.54,2476410.89,-0.61,-0.4,-0.3,-0.17
Livs0125s3a,287583.54,2476410.89,-0.62,-0.4,-0.3,-0.09
Livs0125s3a,287583.54,2476410.89,-0.61,-0.4,-0.3,-0.18
Livs0125s3a,287583.54,2476410.88,-0.51,-0.23,-0.19,-0.17
Livs0125s3a,287583.54,2476410.88,-0.49,-0.2,-0.21,-0.09
Livs0125s3a,287583.54,2476410.88,-0.49,-0.21,-0.29,-0.08
Livs0125s3a,287583.54,2476410.88,-0.5,-0.12,-0.3,-0.09
Livs0125s3a,287583.54,2476410.88,-0.41,-0.12,-0.21,-0.1
Livs0125s3a,287583.54,2476410.88,-0.33,-0.21,-0.2,-0.08
Livs0125s3a,287583.54,2476410.88,-0.32,-0.13,-0.21,0
Livs0125s3a,287583.55,2476410.88,-0.32,-0.21,-0.2,-0.08
Livs0125s3a,287583.58,2476410.89,-0.4,-0.21,-0.2,-0.1
Livs0125s3a,287583.62,2476410.89,-0.32,-0.13,-0.3,-0.09
Livs0125s3a,287583.66,2476410.9,-0.31,0.05,-0.2,-0.18
Livs0125s3a,287583.7,2476410.9,-0.2,0.06,-0.19,-0.18
Livs0125s3a,287583.74,2476410.91,-0.03,0.05,-0.2,-0.18
Livs0125s3a,287583.77,2476410.92,0.14,-0.02,-0.11,-0.18
Livs0125s3a,287583.81,2476410.92,0.13,-0.03,-0.11,-0.09
Livs0125s3a,287583.85,2476410.93,0.15,-0.12,-0.2,-0.09
Livs0125s3a,287583.89,2476410.93,0.13,-0.11,-0.2,-0.17
Livs0125s3a,287583.93,2476410.94,-0.05,-0.11,-0.19,-0.17
Livs0125s3a,287583.96,2476410.93,-0.14,-0.12,-0.11,-0.08
Livs0125s3a,287583.99,2476410.93,-0.22,-0.12,-0.21,0.01
Livs0125s3a,287584.03,2476410.92,-0.38,-0.2,-0.1,0
Livs0125s3a,287584.06,2476410.92,-0.38,-0.11,-0.2,0.09
Livs0125s3a,287584.1,2476410.91,-0.64,-0.2,-0.28,-0.19
Livs0125s3a,287584.13,2476410.91,-0.66,-0.38,-0.28,-0.19
Livs0125s3a,287584.17,2476410.9,-0.84,-0.47,-0.28,-0.18
Livs0125s3a,287584.2,2476410.9,-0.68,-0.66,-0.29,-0.18
Livs0125s3a,287584.23,2476410.89,-0.76,-0.64,-0.21,-0.1
Livs0125s3a,287584.28,2476410.89,-0.79,-0.57,-0.29,-0.19
Livs0125s3a,287584.35,2476410.9,-0.9,-0.67,-0.39,-0.18
Livs0125s3a,287584.43,2476410.91,-0.82,-0.49,-0.29,-0.17
Livs0125s3a,287584.5,2476410.91,-0.75,-0.41,-0.29,-0.18
Livs0125s3a,287584.57,2476410.92,-0.66,-0.42,-0.29,-0.08
Livs0125s3a,287584.64,2476410.93,-0.69,-0.42,-0.28,-0.09
Livs0125s3a,287584.72,2476410.94,-0.78,-0.44,-0.38,-0.17
Livs0125s3a,287584.79,2476410.94,-0.89,-0.35,-0.47,-0.17
Livs0125s3a,287584.86,2476410.95,-0.85,-0.35,-0.3,-0.17
Livs0125s3a,287584.93,2476410.96,-0.77,-0.28,-0.3,0
Livs0125s3a,287585.01,2476410.96,-0.69,-0.19,-0.2,-0.09
Livs0125s3a,287585.1,2476410.96,-0.45,-0.01,-0.12,0.01
Livs0125s3a,287585.19,2476410.96,-0.64,-0.2,-0.12,-0.1
Livs0125s3a,287585.28,2476410.96,-0.65,-0.38,-0.13,0
Livs0125s3a,287585.37,2476410.95,-0.76,-0.48,-0.13,-0.1
Livs0125s3a,287585.47,2476410.95,-0.92,-0.56,-0.23,-0.09
Livs0125s3a,287585.56,2476410.95,-1.11,-0.65,-0.31,-0.18
Livs0125s3a,287585.65,2476410.95,-1.01,-0.48,-0.23,-0.09
Livs0125s3a,287585.74,2476410.95,-0.96,-0.4,-0.13,0.1
Livs0125s3a,287585.83,2476410.94,-0.88,-0.32,-0.13,0.17
Livs0125s3a,287585.92,2476410.94,-0.63,-0.14,-0.04,-0.01
Livs0125s3a,287586,2476410.94,-0.28,0.21,0.14,0.09
Livs0125s3a,287586.09,2476410.94,0.61,0.74,0.32,0.09
Livs0125s3a,287586.18,2476410.93,1.56,1.45,0.47,0.27
Livs0125s3a,287586.26,2476410.93,3.22,2.57,1.2,0.53
Livs0125s3a,287586.35,2476410.93,6.21,4.96,2.42,1.23
Livs0125s3a,287586.43,2476410.92,11.67,9.44,4.43,2.46
Livs0125s3a,287586.52,2476410.92,25.39,20.45,7.89,4.23
Livs0125s3a,287586.6,2476410.92,40.17,32.15,12.73,6.78
Livs0125s3a,287586.69,2476410.92,61.18,48.79,23.73,12.6
Livs0125s3a,287586.78,2476410.92,90.76,72.2,35.35,18.57
Livs0125s3a,287586.86,2476410.92,122.86,96.76,48.1,24.91
Livs0125s3a,287586.95,2476410.92,151.11,115.15,57.43,29.16
Livs0125s3a,287587.04,2476410.92,152.5,112.68,61.12,30.2
Livs0125s3a,287587.12,2476410.92,141.12,100.42,57.26,26.86
Livs0125s3a,287587.21,2476410.92,121.04,82.64,50.21,22.55
Livs0125s3a,287587.29,2476410.92,96.99,63.26,41.58,17.7
Livs0125s3a,287587.4,2476410.92,62.92,37.82,28.73,11.09
Livs0125s3a,287587.47,2476410.92,42.29,23.82,24.06,8.97
Livs0125s3a,287587.55,2476410.92,26.34,13.59,14.38,4.75
Livs0125s3a,287587.65,2476410.92,14.71,6.9,9.52,2.72
Livs0125s3a,287587.75,2476410.92,6.97,2.78,5.92,1.5
Livs0125s3a,287587.85,2476410.92,1.05,-0.06,3.54,0.7
Livs0125s3a,287587.96,2476410.92,-0.9,-0.85,2.04,0.27
Livs0125s3a,287588.06,2476410.92,-1.8,-1.02,0.81,-0.01
Livs0125s3a,287588.17,2476410.92,-2.33,-0.85,0.36,0
Livs0125s3a,287588.27,2476410.92,-2.49,-0.67,0.02,-0.09
Livs0125s3a,287588.39,2476410.92,-2.58,-0.78,-0.23,-0.25
Livs0125s3a,287588.49,2476410.92,-2.48,-0.77,-0.33,-0.17
Livs0125s3a,287588.6,2476410.92,-2.3,-0.59,-0.33,-0.08
Livs0125s3a,287588.68,2476410.92,-2.56,-0.59,-0.34,0
Livs0125s3a,287588.76,2476410.91,-3.2,-0.94,-0.32,0
Livs0125s3a,287588.85,2476410.91,-3.37,-1.2,-0.42,-0.01
Livs0125s3a,287588.93,2476410.91,-3.2,-1.29,-0.51,0
Livs0125s3a,287589.02,2476410.9,-2.93,-1.38,-0.51,-0.18
Livs0125s3a,287589.1,2476410.9,-2.66,-1.29,-0.58,-0.26
Livs0125s3a,287589.18,2476410.9,-2.31,-1.03,-0.59,-0.25
Livs0125s3a,287589.27,2476410.89,-1.88,-0.86,-0.51,-0.17
Livs0125s3a,287589.35,2476410.89,-1.8,-0.5,-0.32,-0.07
Livs0125s3a,287589.44,2476410.88,-1.18,0.11,-0.15,0
Livs0125s3a,287589.54,2476410.89,0.13,0.99,0.37,0.36
Livs0125s3a,287589.65,2476410.89,3.38,3.54,1.09,0.8
Livs0125s3a,287589.75,2476410.89,7.58,6.96,2.47,1.51
Livs0125s3a,287589.85,2476410.89,14.25,12.5,5.81,3.27
Livs0125s3a,287589.96,2476410.89,22.59,19.01,9.17,4.76
Livs0125s3a,287590.06,2476410.89,29.09,23.67,11.72,6.09
Livs0125s3a,287590.17,2476410.89,32.24,24.72,13.12,6.6
Livs0125s3a,287590.28,2476410.89,29.94,21.99,12.87,6.25
Livs0125s3a,287590.38,2476410.89,25.09,17.48,10.67,4.84
Livs0125s3a,287590.48,2476410.89,18.83,12.57,8.45,3.7
Livs0125s3a,287590.57,2476410.89,12.87,8.17,6.17,2.56
Livs0125s3a,287590.65,2476410.89,5.9,3.41,4.32,1.67
Livs0125s3a,287590.74,2476410.89,2.72,1.46,2.83,0.97
Livs0125s3a,287590.83,2476410.88,0.7,0.24,1.33,0.36
Livs0125s3a,287590.91,2476410.88,-0.62,-0.39,0.71,0.09
Livs0125s3a,287591,2476410.88,-1.4,-0.56,0.35,0.1
Livs0125s3a,287591.08,2476410.87,-1.85,-0.56,0.19,0.08
Livs0125s3a,287591.17,2476410.87,-1.86,-0.47,0.1,0.08
Livs0125s3a,287591.26,2476410.87,-1.89,-0.49,0.01,0.1
Livs0125s3a,287591.35,2476410.87,-1.88,-0.4,0.01,0.08
Livs0125s3a,287591.44,2476410.87,-1.95,-0.46,-0.09,0.09
Livs0125s3a,287591.54,2476410.87,-2.3,-0.65,-0.08,0.08
Livs0125s3a,287591.63,2476410.88,-2.24,-0.65,-0.08,0
Livs0125s3a,287591.73,2476410.88,-2.26,-0.75,-0.09,0.01
Livs0125s3a,287591.82,2476410.88,-2.17,-0.66,-0.08,0
Livs0125s3a,287591.92,2476410.88,-2.15,-0.58,0.01,-0.01
Livs0125s3a,287592.01,2476410.88,-2.07,-0.58,0.01,-0.01
Livs0125s3a,287592.11,2476410.89,-1.98,-0.47,-0.08,0
Livs0125s3a,287592.2,2476410.89,-1.9,-0.4,0.01,0
Livs0125s3a,287592.29,2476410.89,-1.63,-0.23,0.01,0.18
Livs0125s3a,287592.38,2476410.89,-0.76,0.4,0.19,0.28
Livs0125s3a,287592.46,2476410.89,1.01,1.89,0.9,0.53
Livs0125s3a,287592.55,2476410.88,7.23,6.9,2.21,1.32
Livs0125s3a,287592.63,2476410.88,15.76,13.85,4.92,2.63
Livs0125s3a,287592.72,2476410.88,29.05,24.58,11.71,6.34
Livs0125s3a,287592.8,2476410.88,46.9,38.66,18.74,10.04
Livs0125s3a,287592.89,2476410.87,66.15,53.24,26.3,13.81
Livs0125s3a,287592.97,2476410.87,86.48,67.31,32.72,16.81
Livs0125s3a,287593.06,2476410.87,90.97,68.82,36.24,18.21
Livs0125s3a,287593.15,2476410.87,86.54,63.37,35.53,16.98
Livs0125s3a,287593.25,2476410.87,74.6,52.63,31.58,14.44
Livs0125s3a,287593.36,2476410.87,58.71,39.36,25.78,11.25
Livs0125s3a,287593.47,2476410.87,35.49,21.5,19.54,7.93
Livs0125s3a,287593.57,2476410.88,22.29,12.19,13.98,5.11
Livs0125s3a,287593.68,2476410.88,12.37,6.02,7.92,2.39
Livs0125s3a,287593.79,2476410.88,5.61,2.33,5.02,1.23
Livs0125s3a,287593.89,2476410.89,1.5,0.24,3.09,0.52
Livs0125s3a,287594,2476410.89,-0.68,-0.63,1.78,0.18
Livs0125s3a,287594.11,2476410.89,-2.09,-1,0.98,-0.01
Livs0125s3a,287594.2,2476410.89,-2.34,-0.91,0.28,-0.01
Livs0125s3a,287594.29,2476410.89,-2.61,-0.79,0.09,0.01
Livs0125s3a,287594.37,2476410.89,-2.56,-0.63,-0.08,-0.01
Livs0125s3a,287594.45,2476410.89,-2.64,-0.7,-0.24,0.01
Livs0125s3a,287594.54,2476410.88,-2.74,-0.78,-0.25,-0.01
Livs0125s3a,287594.62,2476410.88,-2.72,-0.69,-0.34,-0.07
Livs0125s3a,287594.7,2476410.88,-2.79,-0.86,-0.33,-0.01
Livs0125s3a,287594.81,2476410.88,-2.87,-1.04,-0.24,0
Livs0125s3a,287594.87,2476410.88,-2.92,-1.03,-0.32,-0.07
Livs0125s3a,287594.95,2476410.87,-3.09,-1.1,-0.33,-0.08
Livs0125s3a,287595.05,2476410.87,-3.07,-1.18,-0.5,-0.16
Livs0125s3a,287595.14,2476410.87,-3.24,-1.19,-0.4,-0.16
Livs0125s3a,287595.25,2476410.87,-3.21,-1.01,-0.33,-0.17
Livs0125s3a,287595.35,2476410.87,-3.02,-0.9,-0.31,-0.09
Livs0125s3a,287595.45,2476410.87,-2.57,-0.55,-0.23,-0.08
Livs0125s3a,287595.55,2476410.87,-2.2,-0.36,-0.15,0.01
Livs0125s3a,287595.65,2476410.87,-1.67,-0.02,0.03,-0.01
Livs0125s3a,287595.77,2476410.86,-0.58,0.87,0.12,0.18
Livs0125s3a,287595.87,2476410.86,0.49,1.75,0.57,0.27
Livs0125s3a,287595.97,2476410.86,1.92,2.73,1.08,0.63
Livs0125s3a,287596.05,2476410.86,3.15,3.44,1.52,0.72
Livs0125s3a,287596.14,2476410.86,4.05,3.98,1.7,0.88
Livs0125s3a,287596.22,2476410.86,4.07,3.79,1.81,0.8
Livs0125s3a,287596.3,2476410.86,3.48,3.11,1.62,0.61
Livs0125s3a,287596.39,2476410.86,2.51,2.31,1.27,0.52
Livs0125s3a,287596.47,2476410.86,1.63,1.52,1.01,0.43
Livs0125s3a,287596.56,2476410.86,0.76,0.82,0.76,0.35
Livs0125s3a,287596.64,2476410.86,-0.2,0.38,0.57,0.17
Livs0125s3a,287596.72,2476410.86,-0.52,0.03,0.31,0.19
Livs0125s3a,287596.81,2476410.86,-0.79,-0.06,0.23,0.09
Livs0125s3a,287596.89,2476410.86,-0.98,-0.22,0.13,0
Livs0125s3a,287596.97,2476410.86,-1.22,-0.49,0.05,-0.18
Livs0125s3a,287597.05,2476410.85,-1.47,-0.47,-0.13,-0.08
Livs0125s3a,287597.13,2476410.85,-2.17,-0.82,-0.22,-0.1
Livs0125s3a,287597.21,2476410.84,-2.61,-1.08,-0.4,-0.09
Livs0125s3a,287597.29,2476410.84,-2.97,-1.28,-0.58,-0.16
Livs0125s3a,287597.37,2476410.83,-3.05,-1.28,-0.57,-0.26
Livs0125s3a,287597.47,2476410.83,-3.05,-1.37,-0.65,-0.26
Livs0125s3a,287597.55,2476410.83,-3.16,-1.36,-0.66,-0.17
Livs0125s3a,287597.64,2476410.82,-3.17,-1.37,-0.75,-0.16
Livs0125s3a,287597.72,2476410.82,-3.43,-1.55,-0.83,-0.25
Livs0125s3a,287597.81,2476410.82,-3.54,-1.72,-0.85,-0.34
Livs0125s3a,287597.9,2476410.82,-3.54,-1.73,-0.94,-0.35
Livs0125s3a,287597.99,2476410.82,-3.36,-1.74,-0.84,-0.25
Livs0125s3a,287598.07,2476410.82,-3.26,-1.46,-0.67,-0.09
Livs0125s3a,287598.16,2476410.82,-3,-1.03,-0.75,-0.09
Livs0125s3a,287598.25,2476410.81,-2.64,-0.74,-0.65,0
Livs0125s3a,287598.33,2476410.81,-2.1,-0.3,-0.41,0.1
Livs0125s3a,287598.42,2476410.81,-1.2,0.3,-0.03,0.17
Livs0125s3a,287598.52,2476410.81,0.12,1.45,0.5,0.54
Livs0125s3a,287598.62,2476410.82,2.33,2.96,1.02,0.71
Livs0125s3a,287598.72,2476410.82,3.64,3.93,1.64,0.97
Livs0125s3a,287598.82,2476410.82,4.79,4.55,2.25,1.23
Livs0125s3a,287598.93,2476410.82,5.42,4.65,2.43,1.24
Livs0125s3a,287599.03,2476410.83,5.6,4.54,2.33,1.07
Livs0125s3a,287599.13,2476410.83,5.61,4.28,2.24,1.05
Livs0125s3a,287599.25,2476410.83,5.62,4.29,2.34,1.05
Livs0125s3a,287599.34,2476410.84,6.17,4.83,2.52,1.24
Livs0125s3a,287599.44,2476410.84,6.72,5.54,2.96,1.42
Livs0125s3a,287599.55,2476410.84,7.16,5.98,3.22,1.59
Livs0125s3a,287599.65,2476410.84,6.91,5.82,3.31,1.69
Livs0125s3a,287599.76,2476410.85,5.96,5.02,3.13,1.6
Livs0125s3a,287599.86,2476410.85,4.64,3.97,2.44,1.24
Livs0125s3a,287599.97,2476410.85,3.33,2.82,1.92,0.89
Livs0125s3a,287600.07,2476410.85,1.77,1.69,1.29,0.61
Livs0125s3a,287600.18,2476410.85,0.56,0.73,0.76,0.26
Livs0125s3a,287600.31,2476410.86,-0.85,-0.23,0.14,0.09
Livs0125s3a,287600.41,2476410.86,-1.55,-0.68,-0.13,-0.08
Livs0125s3a,287600.52,2476410.86,-2.43,-1.11,-0.29,-0.19
Livs0125s3a,287600.61,2476410.86,-2.78,-1.29,-0.47,-0.26
Livs0125s3a,287600.71,2476410.85,-3.05,-1.47,-0.65,-0.27
Livs0125s3a,287600.8,2476410.85,-3.03,-1.55,-0.72,-0.36
Livs0125s3a,287600.9,2476410.84,-3.02,-1.54,-0.81,-0.45
Livs0125s3a,287601,2476410.84,-2.77,-1.29,-0.63,-0.26
Livs0125s3a,287601.09,2476410.83,-2.42,-0.93,-0.38,-0.26
Livs0125s3a,287601.19,2476410.83,-1.72,-0.41,-0.2,0.01
Livs0125s3a,287601.29,2476410.82,-0.65,0.66,0.34,0.28
Livs0125s3a,287601.38,2476410.82,1.13,2.15,1.03,0.7
Livs0125s3a,287601.48,2476410.82,5.09,5.49,1.99,1.33
Livs0125s3a,287601.58,2476410.81,9.76,9.28,3.68,2.12
Livs0125s3a,287601.67,2476410.81,15.65,13.78,6.77,3.78
Livs0125s3a,287601.77,2476410.81,21.73,18.35,9.06,4.75
Livs0125s3a,287601.86,2476410.81,26.67,21.27,10.74,5.55
Livs0125s3a,287601.96,2476410.81,28.7,21.72,11.33,5.55
Livs0125s3a,287602.05,2476410.81,26.86,18.81,10.82,4.94
Livs0125s3a,287602.15,2476410.81,24.37,16.25,9.14,3.98
Livs0125s3a,287602.25,2476410.8,23.41,15.46,8.71,3.79
Livs0125s3a,287602.34,2476410.8,24.58,16.7,9.32,4.16
Livs0125s3a,287602.44,2476410.8,27.6,19.61,10.29,4.76
Livs0125s3a,287602.54,2476410.8,28.3,20.23,11.16,5.3
Livs0125s3a,287602.65,2476410.8,26.87,19.25,11,5.03
Livs0125s3a,287602.75,2476410.79,23.27,16.45,9.85,4.5
Livs0125s3a,287602.85,2476410.79,18.34,12.66,8.27,3.7
Livs0125s3a,287602.96,2476410.79,13.33,8.87,6.42,2.73
Livs0125s3a,287603.06,2476410.78,6.91,4.37,4.65,1.94
Livs0125s3a,287603.16,2476410.78,3.46,2.08,2.63,0.88
Livs0125s3a,287603.27,2476410.78,0.73,0.48,1.47,0.35
Livs0125s3a,287603.37,2476410.77,-0.94,-0.39,0.69,0.09
Livs0125s3a,287603.47,2476410.77,-1.98,-0.91,0.14,-0.08
Livs0125s3a,287603.55,2476410.77,-2.78,-1.34,-0.2,-0.18
Livs0125s3a,287603.64,2476410.77,-3.06,-1.63,-0.63,-0.27
Livs0125s3a,287603.72,2476410.78,-3.32,-1.62,-0.91,-0.45
Livs0125s3a,287603.81,2476410.78,-3.31,-1.63,-0.91,-0.35
Livs0125s3a,287603.89,2476410.78,-3.22,-1.62,-0.89,-0.34
Livs0125s3a,287603.98,2476410.78,-3.03,-1.43,-0.82,-0.36
Livs0125s3a,287604.06,2476410.78,-2.95,-1.27,-0.83,-0.26
Livs0125s3a,287604.15,2476410.78,-2.72,-1.01,-0.64,-0.27
Livs0125s3a,287604.23,2476410.78,-2.35,-0.75,-0.39,-0.08
Livs0125s3a,287604.32,2476410.78,-1.92,-0.47,-0.38,-0.09
Livs0125s3a,287604.4,2476410.77,-0.95,0.05,-0.29,-0.01
Livs0125s3a,287604.48,2476410.77,-0.25,0.49,0.07,0.26
Livs0125s3a,287604.57,2476410.76,0.36,0.84,0.25,0.27
Livs0125s3a,287604.65,2476410.76,0.98,1.37,0.42,0.36
Livs0125s3a,287604.73,2476410.75,1.62,1.73,0.59,0.35
Livs0125s3a,287604.82,2476410.74,2.07,2.08,0.78,0.44
Livs0125s3a,287604.9,2476410.74,2.41,2.26,0.86,0.53
Livs0125s3a,287604.98,2476410.73,2.5,2.25,0.94,0.45
Livs0125s3a,287605.07,2476410.73,2.75,2.17,0.95,0.43
Livs0125s3a,287605.15,2476410.72,2.74,2.16,0.86,0.35
Livs0125s3a,287605.23,2476410.72,2.92,2.16,0.95,0.44
Livs0125s3a,287605.3,2476410.72,3.26,2.42,1.03,0.35
Livs0125s3a,287605.38,2476410.72,3.59,2.68,1.3,0.53
Livs0125s3a,287605.46,2476410.71,3.95,3.04,1.56,0.61
Livs0125s3a,287605.54,2476410.71,4.21,3.29,1.64,0.71
Livs0125s3a,287605.61,2476410.71,4.11,3.54,1.82,0.97
Livs0125s3a,287605.69,2476410.71,3.73,3.36,1.83,1.05
Livs0125s3a,287605.77,2476410.71,3.18,2.76,1.65,0.88
Livs0125s3a,287605.85,2476410.71,2.14,2.03,1.39,0.79
Livs0125s3a,287605.93,2476410.71,1.23,1.33,1.03,0.53
Livs0125s3a,287606.01,2476410.71,0.44,0.63,0.76,0.36
Livs0125s3a,287606.1,2476410.71,-0.71,-0.43,0.4,0.09
Livs0125s3a,287606.19,2476410.71,-1.18,-0.98,-0.03,-0.08
Livs0125s3a,287606.27,2476410.72,-1.71,-1.25,-0.22,-0.09
Livs0125s3a,287606.36,2476410.72,-2.16,-1.32,-0.4,-0.09
Livs0125s3a,287606.45,2476410.72,-2.59,-1.5,-0.56,-0.17
Livs0125s3a,287606.55,2476410.73,-3.21,-1.77,-0.91,-0.35
Livs0125s3a,287606.64,2476410.73,-3.58,-1.78,-1,-0.44
Livs0125s3a,287606.73,2476410.73,-4.12,-2.12,-1.1,-0.53
Livs0125s3a,287606.8,2476410.74,-4.22,-2.12,-1.17,-0.62
Livs0125s3a,287606.87,2476410.75,-4.23,-2.15,-1.11,-0.61
Livs0125s3a,287606.94,2476410.76,-4.25,-2.14,-1.1,-0.54
Livs0125s3a,287607.01,2476410.77,-4.37,-2.06,-1.18,-0.54
Livs0125s3a,287607.08,2476410.78,-4.11,-2.08,-1.1,-0.44
Livs0125s3a,287607.15,2476410.78,-3.96,-1.99,-1.1,-0.44
Livs0125s3a,287607.22,2476410.79,-3.63,-1.81,-0.92,-0.44
Livs0125s3a,287607.29,2476410.8,-3.46,-1.63,-0.94,-0.25
Livs0125s3a,287607.37,2476410.81,-3.22,-1.56,-0.85,-0.34
Livs0125s3a,287607.42,2476410.82,-2.89,-1.31,-0.75,-0.36
Livs0125s3a,287607.45,2476410.82,-2.73,-1.15,-0.76,-0.18
Livs0125s3a,287607.47,2476410.81,-2.56,-0.97,-0.68,-0.26
Livs0125s3a,287607.49,2476410.81,-2.39,-0.88,-0.49,-0.16
Livs0125s3a,287607.51,2476410.81,-2.33,-0.97,-0.48,-0.17
Livs0125s3a,287607.53,2476410.81,-2.19,-0.91,-0.41,-0.16
Livs0125s3a,287607.56,2476410.8,-1.93,-1.09,-0.49,-0.18
Livs0125s3a,287607.58,2476410.8,-1.27,-1.27,-0.41,-0.25
Livs0125s3a,287607.6,2476410.8,-1.11,-1.27,-0.42,-0.26
Livs0125s3a,287607.62,2476410.8,-1.23,-1.1,-0.34,-0.17
Livs0125s3a,287607.65,2476410.8,-1.25,-0.77,-0.33,-0.07
Livs0125s3a,287607.68,2476410.8,-1.27,-0.51,-0.16,0
Livs0125s3a,287607.72,2476410.8,-1.31,-0.34,-0.16,0
Livs0125s3a,287607.76,2476410.8,-0.99,-0.01,0.02,0.09
Livs0125s3a,287607.8,2476410.8,-0.56,0.25,0.19,0.18
Livs0125s3a,287607.84,2476410.8,0.12,0.96,0.54,0.37
Livs0125s3a,287607.88,2476410.8,1.94,2.44,0.99,0.53
Livs0125s3a,287607.92,2476410.8,3.85,3.91,1.87,0.97
Livs0125s3a,287607.96,2476410.8,6.02,5.58,2.65,1.41
Livs0125s3a,287608,2476410.8,9,7.79,3.8,1.94
Livs0125s3a,287608.06,2476410.8,12.79,10.77,5.29,2.73
Livs0125s3a,287608.14,2476410.8,17.7,14.38,6.78,3.61
Livs0125s3a,287608.23,2476410.8,19.8,15.52,8.27,4.23
Livs0125s3a,287608.32,2476410.8,20.21,15.42,8.62,4.24
Livs0125s3a,287608.41,2476410.8,19.5,14.55,8.45,4.06
Livs0125s3a,287608.49,2476410.8,18.02,13.13,7.92,3.69
Livs0125s3a,287608.58,2476410.8,14.58,10.31,7.13,3.18
Livs0125s3a,287608.67,2476410.8,11.91,8.03,6.07,2.56
Livs0125s3a,287608.76,2476410.79,9.09,5.98,4.3,1.77
Livs0125s3a,287608.84,2476410.79,6.44,4.15,3.33,1.15
Livs0125s3a,287608.94,2476410.79,4.16,2.83,2.47,0.8
Livs0125s3a,287609.03,2476410.8,1.69,1.23,1.68,0.37
Livs0125s3a,287609.13,2476410.8,0.44,0.43,1.04,0.18
Livs0125s3a,287609.22,2476410.81,-0.46,-0.01,0.44,0.02
Livs0125s3a,287609.32,2476410.81,-1.34,-0.45,0.09,-0.08
Livs0125s3a,287609.42,2476410.81,-2.04,-0.72,-0.09,0.01
Livs0125s3a,287609.51,2476410.82,-2.84,-1.16,-0.18,-0.08
Livs0125s3a,287609.61,2476410.82,-3.29,-1.42,-0.36,-0.08
Livs0125s3a,287609.7,2476410.83,-3.68,-1.61,-0.54,-0.08
Livs0125s3a,287609.8,2476410.83,-3.96,-1.7,-0.71,-0.18
Livs0125s3a,287609.9,2476410.83,-4.14,-1.87,-0.79,-0.27
Livs0125s3a,287610.01,2476410.84,-4.2,-1.87,-0.81,-0.17
Livs0125s3a,287610.12,2476410.84,-4.05,-1.79,-0.81,-0.36
Livs0125s3a,287610.23,2476410.85,-4.15,-1.81,-0.99,-0.35
Livs0125s3a,287610.33,2476410.85,-4.07,-1.8,-0.99,-0.43
Livs0125s3a,287610.44,2476410.86,-3.72,-1.63,-0.88,-0.35
Livs0125s3a,287610.55,2476410.86,-3.38,-1.53,-0.9,-0.34
Livs0125s3a,287610.66,2476410.86,-2.77,-1.02,-0.81,-0.26
Livs0125s3a,287610.77,2476410.87,-1.73,-0.49,-0.53,-0.08
Livs0125s3a,287610.88,2476410.87,-0.25,0.56,-0.02,0.28
Livs0125s3a,287610.99,2476410.87,2.04,1.97,0.43,0.46
Livs0125s3a,287611.09,2476410.87,4.68,3.73,1.22,0.81
Livs0125s3a,287611.2,2476410.86,8.54,6.02,1.92,0.97
Livs0125s3a,287611.31,2476410.85,10.8,7.33,2.53,1.23
Livs0125s3a,287611.42,2476410.85,11.83,7.49,3.15,1.33
Livs0125s3a,287611.53,2476410.84,11.29,6.96,3.15,1.41
Livs0125s3a,287611.64,2476410.83,9.18,5.65,2.8,1.31
Livs0125s3a,287611.78,2476410.82,5.31,3.07,1.99,0.8
Livs0125s3a,287611.86,2476410.82,2.81,1.76,1.55,0.71
Livs0125s3a,287611.97,2476410.81,1.29,1.04,0.95,0.53
Livs0125s3a,287612.08,2476410.81,0.83,0.86,0.76,0.17
Livs0125s3a,287612.2,2476410.81,1.35,1.46,0.95,0.09
Livs0125s3a,287612.32,2476410.8,3.26,3.03,1.11,0.09
Livs0125s3a,287612.43,2476410.8,4.37,3.82,1.64,0.35
Livs0125s3a,287612.55,2476410.8,3.82,3.29,1.55,0.17
Livs0125s3a,287612.67,2476410.8,2.31,2.14,1.01,0.1
Livs0125s3a,287612.79,2476410.8,1.06,1.07,0.59,-0.08
Livs0125s3a,287612.92,2476410.79,0.87,1,0.39,-0.17
Livs0125s3a,287613.04,2476410.79,1.65,1.69,0.58,0
Livs0125s3a,287613.16,2476410.79,2.61,2.39,0.76,0.11
Livs0125s3a,287613.26,2476410.79,2.8,2.49,0.94,0.18
Livs0125s3a,287613.35,2476410.79,2.1,1.96,0.76,0.02
Livs0125s3a,287613.45,2476410.78,1.13,1.43,0.48,-0.07
Livs0125s3a,287613.55,2476410.78,0.45,1.07,0.41,-0.07
Livs0125s3a,287613.65,2476410.78,0.28,1.16,0.31,0.01
Livs0125s3a,287613.75,2476410.78,0.88,1.71,0.68,0.27
Livs0125s3a,287613.84,2476410.77,2.54,2.84,1.02,0.45
Livs0125s3a,287613.94,2476410.77,3.88,3.88,1.63,0.7
Livs0125s3a,287614.04,2476410.77,5.73,5.21,2.34,1.14
Livs0125s3a,287614.13,2476410.77,8.45,7.31,3.39,1.59
Livs0125s3a,287614.22,2476410.76,10.83,9.33,4.54,2.39
Livs0125s3a,287614.3,2476410.75,12.24,10.13,5.16,2.47
Livs0125s3a,287614.38,2476410.75,12.06,9.79,5.25,2.47
Livs0125s3a,287614.47,2476410.74,10.84,8.55,4.62,2.03
Livs0125s3a,287614.55,2476410.74,9.15,7.24,4.09,1.95
Livs0125s3a,287614.63,2476410.73,7.07,5.66,3.48,1.59
Livs0125s3a,287614.72,2476410.72,3.55,3.02,2.68,1.15
Livs0125s3a,287614.8,2476410.72,1.34,1.53,1.99,0.88
Livs0125s3a,287614.88,2476410.71,-0.42,0.38,0.93,0.26
Livs0125s3a,287614.97,2476410.71,-1.63,-0.49,0.42,0.02
Livs0125s3a,287615.07,2476410.71,-2.51,-1,0.06,-0.08
Livs0125s3a,287615.18,2476410.71,-3.02,-1.27,-0.03,-0.16
Livs0125s3a,287615.28,2476410.72,-2.84,-1.08,-0.21,-0.17
Livs0125s3a,287615.39,2476410.72,-2.84,-1.09,-0.21,-0.08
Livs0125s3a,287615.49,2476410.73,-2.65,-0.99,-0.38,-0.08
Livs0125s3a,287615.6,2476410.73,-2.61,-1.08,-0.38,-0.18
Livs0125s3a,287615.7,2476410.74,-3.03,-1.43,-0.46,-0.17
Livs0125s3a,287615.81,2476410.74,-3.39,-1.6,-0.74,-0.34
Livs0125s3a,287615.92,2476410.74,-3.8,-1.87,-1,-0.51
Livs0125s3a,287616.02,2476410.75,-4.05,-1.94,-0.89,-0.43
Livs0125s3a,287616.11,2476410.75,-4.22,-1.93,-0.89,-0.43
Livs0125s3a,287616.19,2476410.76,-4.29,-1.94,-0.99,-0.34
Livs0125s3a,287616.28,2476410.76,-4.27,-1.84,-0.98,-0.44
Livs0125s3a,287616.37,2476410.77,-4.17,-1.57,-1.06,-0.52
Livs0125s3a,287616.46,2476410.77,-3.98,-1.65,-1.06,-0.52
Livs0125s3a,287616.55,2476410.77,-3.87,-1.65,-0.99,-0.52
Livs0125s3a,287616.64,2476410.78,-4.03,-1.72,-0.98,-0.51
Livs0125s3a,287616.73,2476410.78,-4.2,-1.81,-0.97,-0.61
Livs0125s3a,287616.82,2476410.79,-4.1,-1.62,-0.99,-0.52
Livs0125s3a,287616.91,2476410.79,-4.25,-1.63,-0.88,-0.42
Livs0125s3a,287617,2476410.79,-4.32,-1.79,-0.89,-0.44
Livs0125s3a,287617.1,2476410.79,-4.47,-1.87,-0.98,-0.35
Livs0125s3a,287617.2,2476410.79,-4.56,-1.88,-1.06,-0.36
Livs0125s3a,287617.29,2476410.8,-4.64,-1.97,-0.97,-0.51
Livs0125s3a,287617.39,2476410.8,-4.72,-1.86,-1.06,-0.52
Livs0125s3a,287617.49,2476410.8,-4.43,-1.94,-1.16,-0.53
Livs0125s3a,287617.58,2476410.8,-4.41,-1.94,-1.07,-0.51
Livs0125s3a,287617.68,2476410.8,-4.25,-2.03,-1.16,-0.52
Livs0125s3a,287617.78,2476410.8,-4.15,-1.94,-1.14,-0.52
Livs0125s3a,287617.86,2476410.8,-4.03,-1.77,-0.98,-0.35
Livs0125s3a,287617.94,2476410.8,-3.92,-1.67,-0.97,-0.25
Livs0125s3a,287618.02,2476410.8,-4,-1.57,-0.97,-0.26
Livs0125s3a,287618.1,2476410.8,-3.83,-1.56,-0.88,-0.25
Livs0125s3a,287618.18,2476410.79,-3.73,-1.38,-0.89,-0.26
Livs0125s3a,287618.26,2476410.79,-3.65,-1.31,-0.79,-0.25
Livs0125s3a,287618.33,2476410.79,-3.54,-1.3,-0.6,-0.16
Livs0125s3a,287618.41,2476410.79,-3.28,-1.12,-0.6,-0.17
Livs0125s3a,287618.49,2476410.78,-3.01,-0.85,-0.44,-0.08
Livs0125s3a,287618.57,2476410.78,-2.93,-0.94,-0.44,-0.08
Livs0125s3a,287618.65,2476410.79,-2.83,-0.93,-0.44,-0.18
Livs0125s3a,287618.74,2476410.81,-2.73,-0.85,-0.44,-0.08
Livs0125s3a,287618.82,2476410.83,-2.62,-0.92,-0.42,-0.27
Livs0125s3a,287618.91,2476410.86,-2.63,-0.93,-0.61,-0.18
Livs0125s3a,287618.99,2476410.88,-2.39,-0.68,-0.52,-0.26
Livs0125s3a,287619.08,2476410.9,-2.12,-0.51,-0.36,-0.09
Livs0125s3a,287619.17,2476410.93,-1.94,-0.49,-0.36,-0.08
Livs0125s3a,287619.27,2476410.96,-1.94,-0.5,-0.34,-0.17
Livs0125s3a,287619.34,2476410.98,-1.92,-0.49,-0.43,-0.26
Livs0125s3a,287619.42,2476411,-2.09,-0.65,-0.42,-0.26
Livs0125s3a,287619.47,2476411.04,-2.26,-0.67,-0.52,-0.26
Livs0125s3a,287619.51,2476411.09,-2.52,-0.66,-0.44,-0.26
Livs0125s3a,287619.54,2476411.14,-2.66,-0.75,-0.34,-0.16
Livs0125s3a,287619.58,2476411.18,-3.02,-0.99,-0.62,-0.35
Livs0125s3a,287619.61,2476411.23,-3.63,-1.16,-0.78,-0.45
Livs0125s3a,287619.65,2476411.28,-3.97,-1.44,-0.97,-0.61
Livs0125s3a,287619.69,2476411.32,-3.86,-1.43,-0.87,-0.62
Livs0125s3a,287619.73,2476411.38,-3.66,-1.26,-0.78,-0.44
Livs0125s3a,287619.76,2476411.42,-3.67,-1.15,-0.77,-0.35
Livs0125s3a,287619.8,2476411.47,-3.48,-1.06,-0.7,-0.17
Livs0125s3a,287619.8,2476411.5,-3.28,-0.89,-0.59,0
Livs0125s3a,287619.8,2476411.54,-3.19,-0.79,-0.52,0
Livs0125s3a,287619.8,2476411.57,-2.81,-0.6,-0.5,0.09
Livs0125s3a,287619.8,2476411.6,-2.78,-0.6,-0.41,0.01
Livs0125s3a,287619.8,2476411.64,-2.77,-0.6,-0.5,-0.08
Livs0125s3a,287619.8,2476411.67,-2.57,-0.77,-0.52,-0.17
Livs0125s3a,287619.81,2476411.71,-2.46,-0.57,-0.59,-0.01
Livs0125s3a,287619.81,2476411.74,-2.16,-0.56,-0.33,0.1
Livs0125s3a,287619.81,2476411.77,-2.03,-0.55,-0.25,0.17
Livs0125s3a,287619.8,2476411.81,-1.92,-0.46,-0.24,0.18
Livs0125s3a,287619.78,2476411.84,-2.09,-0.55,-0.23,0
Livs0125s3a,287619.76,2476411.88,-2.12,-0.71,-0.31,0
Livs0125s3a,287619.73,2476411.91,-2.09,-0.69,-0.39,-0.09
Livs0125s3a,287619.71,2476411.95,-1.7,-0.33,-0.31,-0.1
Livs0125s3a,287619.68,2476411.98,-1.51,-0.23,-0.12,0.08
Livs0125s3a,287619.66,2476412.01,-1.5,-0.12,-0.13,0.19
Livs0125s3a,287619.63,2476412.05,-1.44,-0.21,-0.21,0.01
Livs0125s3a,287619.61,2476412.08,-1.62,-0.21,-0.21,0
Livs0125s3a,287619.58,2476412.12,-1.85,-0.29,-0.13,0
Livs0125s3a,287619.56,2476412.14,-1.94,-0.19,-0.14,0
Livs0125s3a,287619.54,2476412.15,-1.91,-0.2,-0.21,0
Livs0125s3a,287619.53,2476412.15,-1.98,-0.17,-0.11,0
Livs0125s3a,287619.51,2476412.16,-1.87,-0.26,-0.22,0
Livs0125s3a,287619.49,2476412.16,-1.85,-0.43,-0.21,0.01
Livs0125s3a,287619.48,2476412.16,-1.85,-0.53,-0.3,-0.01
Livs0125s3a,287619.46,2476412.17,-1.85,-0.7,-0.39,-0.18
Livs0125s3a,287619.44,2476412.17,-1.99,-0.78,-0.48,-0.26
Livs0125s3a,287619.42,2476412.17,-2.16,-0.86,-0.57,-0.25
Livs0125s3a,287619.41,2476412.17,-1.92,-0.68,-0.55,-0.26
Livs0125s3a,287619.39,2476412.17,-1.74,-0.5,-0.37,-0.18
Livs0125s3a,287619.36,2476412.17,-1.55,-0.33,-0.2,0.01
Livs0125s3a,287619.34,2476412.17,-1.45,-0.22,-0.2,0
Livs0125s3a,287619.32,2476412.16,-1.43,-0.22,-0.28,0
Livs0125s3a,287619.29,2476412.16,-1.52,-0.31,-0.29,-0.09
Livs0125s3a,287619.27,2476412.15,-1.67,-0.49,-0.29,-0.08
Livs0125s3a,287619.25,2476412.15,-1.78,-0.39,-0.29,-0.18
Livs0125s3a,287619.22,2476412.15,-1.75,-0.47,-0.29,-0.18
Livs0125s3a,287619.2,2476412.14,-1.74,-0.47,-0.29,-0.09
Livs0125s3a,287619.18,2476412.14,-1.72,-0.47,-0.19,-0.09
Livs0125s3a,287619.15,2476412.13,-1.83,-0.38,-0.2,-0.09
Livs0125s3a,287619.12,2476412.11,-1.9,-0.4,-0.2,-0.18
Livs0125s3a,287619.09,2476412.09,-1.99,-0.47,-0.21,-0.09
Livs0125s3a,287619.06,2476412.08,-1.96,-0.47,-0.29,-0.09
Livs0125s3a,287619.04,2476412.06,-1.95,-0.55,-0.37,-0.27
Livs0125s3a,287619.01,2476412.04,-1.86,-0.46,-0.36,-0.18
Livs0125s3a,287618.98,2476412.02,-1.71,-0.47,-0.37,-0.17
Livs0125s3a,287618.95,2476412.01,-1.7,-0.46,-0.37,-0.09
Livs0125s3a,287618.92,2476411.99,-1.67,-0.55,-0.37,-0.09
Livs0125s3a,287618.89,2476411.97,-1.68,-0.46,-0.38,-0.18
Livs0125s3a,287618.86,2476411.95,-1.69,-0.45,-0.45,-0.17
Livs0125s3a,287618.84,2476411.93,-1.85,-0.56,-0.46,-0.17
Livs0125s3a,287618.82,2476411.91,-1.93,-0.44,-0.37,-0.19
Livs0125s3a,287618.8,2476411.89,-1.83,-0.54,-0.27,-0.18
Livs0125s3a,287618.78,2476411.87,-2.01,-0.46,-0.37,-0.09
Livs0125s3a,287618.75,2476411.85,-2.01,-0.62,-0.37,-0.08
Livs0125s3a,287618.73,2476411.83,-2.1,-0.72,-0.55,-0.18
Livs0125s3a,287618.7,2476411.8,-2.27,-1.07,-0.72,-0.52
Livs0125s3a,287618.69,2476411.79,-2.33,-1.15,-0.81,-0.44
Livs0125s3a,287618.67,2476411.76,-2.34,-1.05,-0.82,-0.52
Livs0125s3a,287618.64,2476411.73,-2.33,-0.79,-0.73,-0.27
Livs0125s3a,287618.61,2476411.69,-2.14,-0.61,-0.36,-0.18
Livs0125s3a,287618.59,2476411.65,-2.22,-0.43,-0.37,-0.1
Livs0125s3a,287618.56,2476411.6,-2.12,-0.59,-0.37,-0.01
Livs0125s3a,287618.53,2476411.56,-2.12,-0.7,-0.36,-0.09
Livs0125s3a,287618.5,2476411.51,-2.4,-0.79,-0.44,-0.26
Livs0125s3a,287618.48,2476411.47,-2.39,-0.79,-0.54,-0.36
Livs0125s3a,287618.44,2476411.42,-2.46,-0.78,-0.37,-0.35
Livs0125s3a,287618.42,2476411.37,-2.35,-0.68,-0.36,-0.17
Livs0125s3a,287618.39,2476411.33,-2.35,-0.67,-0.44,-0.19
Livs0125s3a,287618.36,2476411.3,-2.35,-0.67,-0.45,-0.09
Livs0125s3a,287618.33,2476411.27,-2.42,-0.77,-0.44,-0.18
Livs0125s3a,287618.31,2476411.24,-2.34,-0.77,-0.45,-0.08
Livs0125s3a,287618.28,2476411.22,-2.41,-0.84,-0.45,-0.1
Livs0125s3a,287618.25,2476411.19,-2.42,-0.94,-0.45,-0.09
Livs0125s3a,287618.22,2476411.16,-2.41,-0.95,-0.44,-0.09
Livs0125s3a,287618.2,2476411.13,-2.49,-0.93,-0.44,-0.08
Livs0125s3a,287618.17,2476411.1,-2.49,-1.03,-0.53,-0.18
Livs0125s3a,287618.14,2476411.07,-2.54,-1.01,-0.63,-0.27
Livs0125s3a,287618.12,2476411.05,-2.63,-1.1,-0.72,-0.35
Livs0125s3a,287618.1,2476411.04,-2.72,-1,-0.72,-0.35
Livs0125s3a,287618.07,2476411.03,-2.59,-1.07,-0.71,-0.35
Livs0125s3a,287618.05,2476411.02,-2.66,-0.99,-0.63,-0.36
Livs0125s3a,287618.03,2476411.01,-2.73,-0.98,-0.62,-0.35
Livs0125s3a,287618.01,2476411,-2.72,-0.98,-0.62,-0.28
Livs0125s3a,287617.99,2476410.99,-2.69,-0.88,-0.61,-0.35
Livs0125s3a,287617.97,2476410.98,-2.68,-0.96,-0.7,-0.27
Livs0125s3a,287617.94,2476410.97,-2.6,-0.96,-0.7,-0.27
Livs0125s3a,287617.92,2476410.96,-2.77,-1.06,-0.6,-0.27
Livs0125s3a,287617.92,2476410.95,-2.75,-1.05,-0.7,-0.35
Livs0125s3a,287617.94,2476410.94,-2.75,-1.04,-0.79,-0.27
Livs0125s3a,287617.97,2476410.93,-2.74,-1.03,-0.69,-0.26
Livs0125s3a,287618,2476410.93,-2.83,-1.04,-0.69,-0.17
Livs0125s3a,287618.02,2476410.92,-2.72,-0.95,-0.69,-0.28
Livs0125s3a,287618.05,2476410.91,-2.74,-1.03,-0.8,-0.19
Livs0125s3a,287618.08,2476410.9,-2.65,-1.03,-0.71,-0.27
Livs0125s3a,287618.11,2476410.89,-2.58,-0.96,-0.6,-0.28
Livs0125s3a,287618.14,2476410.88,-2.48,-0.96,-0.69,-0.27
Livs0125s3a,287618.16,2476410.87,-2.41,-0.95,-0.7,-0.36
Livs0125s3a,287618.19,2476410.87,-2.43,-0.87,-0.7,-0.36
Livs0125s3a,287618.23,2476410.86,-2.33,-0.72,-0.63,-0.34
Livs0125s3a,287618.27,2476410.86,-2.26,-0.61,-0.52,-0.35
Livs0125s3a,287618.3,2476410.86,-2.18,-0.7,-0.53,-0.27
Livs0125s3a,287618.34,2476410.86,-2,-0.53,-0.62,-0.28
Livs0125s3a,287618.37,2476410.85,-2.01,-0.53,-0.53,-0.27
Livs0125s3a,287618.41,2476410.85,-1.96,-0.55,-0.44,-0.26
Livs0125s3a,287618.44,2476410.85,-1.96,-0.55,-0.45,-0.27
Livs0125s3a,287618.49,2476410.84,-2.06,-0.54,-0.37,-0.28
Livs0125s3a,287618.52,2476410.84,-2.08,-0.57,-0.37,-0.17
Livs0125s3a,287618.5,2476410.84,-2.18,-0.65,-0.36,-0.28
Livs0125s3a,287618.45,2476410.84,-2.28,-0.75,-0.36,-0.28
Livs0125s3a,287618.4,2476410.84,-2.48,-0.74,-0.54,-0.27
Livs0125s3a,287618.35,2476410.84,-2.67,-0.84,-0.63,-0.35
Livs0125s3a,287618.3,2476410.84,-2.83,-0.93,-0.7,-0.44
Livs0125s3a,287618.25,2476410.84,-2.93,-0.83,-0.72,-0.45
Livs0125s3a,287618.2,2476410.84,-2.86,-0.95,-0.63,-0.25
Livs0125s3a,287618.15,2476410.84,-2.79,-1.13,-0.72,-0.26
Livs0125s3a,287618.1,2476410.84,-2.98,-1.14,-0.72,-0.36
Livs0125s3a,287618.05,2476410.84,-3.01,-1.21,-0.71,-0.45
Livs0125s3a,287618.03,2476410.84,-2.94,-1.24,-0.8,-0.44
Livs0125s3a,287618,2476410.83,-2.96,-1.15,-0.8,-0.35
Livs0125s3a,287617.98,2476410.83,-2.97,-1.16,-0.9,-0.34
Livs0125s3a,287617.96,2476410.82,-3.08,-1.16,-0.91,-0.35
Livs0125s3a,287617.94,2476410.82,-3,-1.17,-0.81,-0.35
Livs0125s3a,287617.92,2476410.82,-3.01,-1.26,-0.81,-0.35
Livs0125s3a,287617.89,2476410.81,-2.94,-1.09,-0.63,-0.25
Livs0125s3a,287617.87,2476410.81,-2.96,-0.91,-0.64,-0.26
Livs0125s3a,287617.85,2476410.81,-2.98,-1.01,-0.74,-0.25
Livs0125s3a,287617.83,2476410.8,-3.15,-1,-0.74,-0.35
Livs0125s3a,287617.82,2476410.8,-3.37,-1.2,-0.83,-0.35
Livs0125s3a,287617.81,2476410.8,-3.38,-1.12,-0.72,-0.34
Livs0125s3a,287617.8,2476410.8,-3.5,-1.12,-0.72,-0.35
Livs0125s3a,287617.8,2476410.8,-3.31,-1.3,-0.73,-0.25
Livs0125s3a,287617.79,2476410.8,-3.16,-1.49,-0.73,-0.26
Livs0125s3a,287617.78,2476410.8,-3.15,-1.58,-0.74,-0.16
Livs0125s3a,287617.77,2476410.8,-3.27,-1.49,-0.75,-0.26
Livs0125s3a,287617.76,2476410.8,-3.26,-1.49,-0.75,-0.35
Livs0125s3a,287617.75,2476410.8,-3.27,-1.39,-0.74,-0.26
Livs0125s3a,287617.72,2476410.8,-3.35,-1.31,-0.64,-0.25
Livs0125s3a,287617.64,2476410.8,-3.19,-1.31,-0.65,-0.35
Livs0125s3a,287617.56,2476410.81,-3.29,-1.41,-0.73,-0.25
Livs0125s3a,287617.47,2476410.81,-3.39,-1.49,-0.65,-0.25
Livs0125s3a,287617.39,2476410.81,-3.37,-1.41,-0.83,-0.34
Livs0125s3a,287617.3,2476410.81,-3.56,-1.5,-0.74,-0.34
Livs0125s3a,287617.22,2476410.82,-3.65,-1.58,-0.84,-0.44
Livs0125s3a,287617.13,2476410.82,-3.65,-1.76,-0.99,-0.54
Livs0125s3a,287617.05,2476410.82,-3.74,-1.67,-1.09,-0.61
Livs0125s3a,287616.96,2476410.83,-3.56,-1.41,-0.91,-0.45
Livs0125s3a,287616.86,2476410.83,-3.3,-1.24,-0.91,-0.36
Livs0125s3a,287616.74,2476410.82,-2.78,-0.87,-0.66,-0.25
Livs0125s3a,287616.62,2476410.82,-2.61,-0.8,-0.57,-0.17
Livs0125s3a,287616.5,2476410.82,-2.8,-0.89,-0.65,-0.44
Livs0125s3a,287616.37,2476410.82,-2.89,-1.26,-0.74,-0.53
Livs0125s3a,287616.25,2476410.81,-3.08,-1.25,-0.74,-0.44
Livs0125s3a,287616.13,2476410.81,-3.16,-1.26,-0.83,-0.44
Livs0125s3a,287616,2476410.81,-3.45,-1.35,-0.83,-0.27
Livs0125s3a,287615.88,2476410.81,-3.65,-1.35,-0.92,-0.35
Livs0125s3a,287615.76,2476410.8,-3.41,-1.18,-0.82,-0.35
Livs0125s3a,287615.64,2476410.8,-3.13,-1.01,-0.83,-0.26
Livs0125s3a,287615.52,2476410.81,-2.88,-0.82,-0.76,-0.25
Livs0125s3a,287615.4,2476410.82,-2.82,-0.75,-0.49,-0.08
Livs0125s3a,287615.28,2476410.82,-2.84,-0.66,-0.31,-0.17
Livs0125s3a,287615.16,2476410.83,-2.83,-0.76,-0.39,-0.36
Livs0125s3a,287615.05,2476410.84,-2.32,-0.41,-0.31,-0.44
Livs0125s3a,287614.93,2476410.84,-1.54,0.21,-0.14,-0.27
Livs0125s3a,287614.81,2476410.85,0.39,1.78,0.3,0.01
Livs0125s3a,287614.69,2476410.86,2.93,3.8,1.7,1.06
Livs0125s3a,287614.57,2476410.86,5.91,6.19,2.86,1.76
Livs0125s3a,287614.47,2476410.86,8.99,8.1,3.82,2.29
Livs0125s3a,287614.37,2476410.86,11.37,9.44,4.63,2.57
Livs0125s3a,287614.28,2476410.86,12.85,9.7,4.97,2.57
Livs0125s3a,287614.18,2476410.85,12.39,9.07,4.98,2.48
Livs0125s3a,287614.09,2476410.85,10.97,7.74,4.26,1.95
Livs0125s3a,287613.99,2476410.85,8.96,6.07,3.47,1.4
Livs0125s3a,287613.9,2476410.84,6.9,4.39,2.67,0.96
Livs0125s3a,287613.8,2476410.84,4.16,2.45,1.89,0.53
Livs0125s3a,287613.71,2476410.84,3.09,1.73,1.36,0.27
Livs0125s3a,287613.62,2476410.83,2.44,1.56,0.83,-0.09
Livs0125s3a,287613.52,2476410.83,2.86,1.91,0.73,-0.18
Livs0125s3a,287613.41,2476410.84,3.4,2.59,0.82,-0.17
Livs0125s3a,287613.31,2476410.85,3.99,3.13,0.91,0.01
Livs0125s3a,287613.2,2476410.86,3.52,2.6,0.81,-0.18
Livs0125s3a,287613.1,2476410.86,2.38,1.72,0.46,-0.16
Livs0125s3a,287612.99,2476410.87,1.49,1.09,0.29,-0.26
Livs0125s3a,287612.89,2476410.88,1.21,0.99,0.28,-0.18
Livs0125s3a,287612.78,2476410.89,2.32,2.13,0.55,-0.08
Livs0125s3a,287612.68,2476410.89,3.28,2.75,0.81,-0.07
Livs0125s3a,287612.57,2476410.9,3.98,3.18,1.16,0.18
Livs0125s3a,287612.47,2476410.91,3.79,3.09,1.24,0.17
Livs0125s3a,287612.38,2476410.91,3.06,2.47,1.07,0.09
Livs0125s3a,287612.29,2476410.91,2.1,1.68,0.81,0.01
Livs0125s3a,287612.2,2476410.91,0.77,0.61,0.64,0
Livs0125s3a,287612.11,2476410.91,0.31,0.24,0.29,0.01
Livs0125s3a,287612.02,2476410.92,0.03,0.26,0.18,-0.09
Livs0125s3a,287611.93,2476410.92,0.66,0.77,0.37,0.01
Livs0125s3a,287611.82,2476410.92,2.66,2.46,0.98,0.37
Livs0125s3a,287611.73,2476410.92,4.63,3.76,1.51,0.62
Livs0125s3a,287611.64,2476410.92,6.83,5.2,2.12,0.96
Livs0125s3a,287611.53,2476410.92,10,7.21,2.74,1.33
Livs0125s3a,287611.42,2476410.92,11.32,8,3.26,1.5
Livs0125s3a,287611.31,2476410.92,11.66,7.91,3.61,1.59
Livs0125s3a,287611.21,2476410.91,11.16,7.21,3.35,1.49
Livs0125s3a,287611.1,2476410.91,9.56,5.88,3.02,1.16
Livs0125s3a,287610.99,2476410.91,7.55,4.67,2.49,0.87
Livs0125s3a,287610.88,2476410.91,4.32,2.56,1.96,0.87
Livs0125s3a,287610.78,2476410.9,2.29,1.5,1.24,0.71
Livs0125s3a,287610.67,2476410.9,0.43,0.28,0.8,0.43
Livs0125s3a,287610.56,2476410.9,-1.05,-0.62,0.37,0.18
Livs0125s3a,287610.44,2476410.9,-2.44,-1.3,-0.15,-0.17
Livs0125s3a,287610.32,2476410.91,-3.68,-2.02,-0.52,-0.44
Livs0125s3a,287610.19,2476410.91,-3.94,-2.27,-0.77,-0.52
Livs0125s3a,287610.07,2476410.91,-4.04,-2.19,-1.04,-0.52
Livs0125s3a,287609.95,2476410.91,-3.95,-2.1,-1.04,-0.61
Livs0125s3a,287609.83,2476410.92,-3.7,-2.1,-1.04,-0.61
Livs0125s3a,287609.71,2476410.92,-3.42,-1.84,-1.03,-0.51
Livs0125s3a,287609.59,2476410.92,-3.08,-1.66,-0.95,-0.44
Livs0125s3a,287609.47,2476410.92,-2.73,-1.5,-0.77,-0.25
Livs0125s3a,287609.36,2476410.92,-2.11,-1.06,-0.6,-0.08
Livs0125s3a,287609.26,2476410.91,-1.74,-0.6,-0.33,0
Livs0125s3a,287609.17,2476410.9,-1.06,0.1,-0.07,0.17
Livs0125s3a,287609.08,2476410.89,-0.44,0.43,0.11,0.17
Livs0125s3a,287608.99,2476410.88,0.53,0.88,0.37,0.43
Livs0125s3a,287608.9,2476410.86,4.75,1.4,-0.16,0.26
Livs0125s3a,287608.81,2476410.85,7.65,2.22,-0.26,0.45
Livs0125s3a,287608.72,2476410.84,9.43,4.13,0.38,0.71
Livs0125s3a,287608.63,2476410.83,10.56,6.07,1.42,1.15
Livs0125s3a,287608.54,2476410.82,12.42,8.37,3.54,2.03
Livs0125s3a,287608.45,2476410.81,14.98,11.11,5.03,2.64
Livs0125s3a,287608.35,2476410.82,17.47,13.31,6.53,3.34
Livs0125s3a,287608.26,2476410.82,19.94,15.42,7.69,3.8
Livs0125s3a,287608.16,2476410.83,20.02,15.15,8.21,4.06
Livs0125s3a,287608.06,2476410.83,18.6,13.83,7.94,3.89
Livs0125s3a,287607.97,2476410.84,15.98,11.64,7.06,3.25
Livs0125s3a,287607.87,2476410.85,12.48,8.91,5.92,2.56
Livs0125s3a,287607.78,2476410.85,8.6,6.09,4.61,1.75
Livs0125s3a,287607.68,2476410.86,3.58,2.75,3.28,1.06
Livs0125s3a,287607.59,2476410.87,0.77,1.08,1.69,0.52
Livs0125s3a,287607.48,2476410.87,-1.52,-0.14,0.82,0.18
Livs0125s3a,287607.38,2476410.86,-3.16,-1.03,0.19,0.08
Livs0125s3a,287607.27,2476410.86,-4.22,-1.53,-0.14,-0.07
Livs0125s3a,287607.16,2476410.85,-4.55,-1.81,-0.42,-0.17
Livs0125s3a,287607.06,2476410.84,-4.65,-1.89,-0.77,-0.27
Livs0125s3a,287606.95,2476410.84,-4.64,-1.73,-0.85,-0.27
Livs0125s3a,287606.84,2476410.83,-4.54,-1.62,-0.94,-0.26
Livs0125s3a,287606.74,2476410.82,-4.43,-1.62,-1.03,-0.35
Livs0125s3a,287606.63,2476410.82,-4.26,-1.61,-0.95,-0.51
Livs0125s3a,287606.52,2476410.81,-4.15,-1.52,-0.95,-0.44
Livs0125s3a,287606.42,2476410.81,-3.79,-1.35,-0.76,-0.35
Livs0125s3a,287606.31,2476410.81,-3.42,-1.17,-0.76,-0.26
Livs0125s3a,287606.21,2476410.81,-2.8,-0.9,-0.5,-0.08
Livs0125s3a,287606.11,2476410.81,-1.73,-0.28,-0.31,0
Livs0125s3a,287606,2476410.8,-0.85,0.08,-0.06,-0.01
Livs0125s3a,287605.9,2476410.8,-0.15,0.53,0.21,0.26
Livs0125s3a,287605.8,2476410.8,0.57,0.97,0.46,0.37
Livs0125s3a,287605.69,2476410.8,1.03,1.5,0.74,0.52
Livs0125s3a,287605.59,2476410.8,1.66,1.85,0.99,0.54
Livs0125s3a,287605.49,2476410.8,1.75,1.76,1,0.45
Livs0125s3a,287605.39,2476410.8,1.65,1.58,0.91,0.44
Livs0125s3a,287605.29,2476410.81,1.31,1.33,0.65,0.26
Livs0125s3a,287605.2,2476410.81,1.05,1.07,0.58,0.1
Livs0125s3a,287605.11,2476410.81,0.8,0.89,0.4,-0.09
Livs0125s3a,287605.01,2476410.81,0.78,1.06,0.48,-0.01
Livs0125s3a,287604.92,2476410.81,0.86,1.15,0.48,0.09
Livs0125s3a,287604.83,2476410.82,0.7,1.15,0.48,0.27
Livs0125s3a,287604.71,2476410.82,0.36,1.07,0.58,0.18
Livs0125s3a,287604.64,2476410.82,-0.15,0.64,0.48,0.1
Livs0125s3a,287604.55,2476410.82,-0.76,0.2,0.2,0
Livs0125s3a,287604.45,2476410.82,-1.46,-0.34,-0.14,-0.09
Livs0125s3a,287604.35,2476410.82,-1.81,-0.68,-0.4,-0.09
Livs0125s3a,287604.25,2476410.82,-2.5,-1.12,-0.49,-0.16
Livs0125s3a,287604.16,2476410.81,-3.09,-1.54,-0.75,-0.36
Livs0125s3a,287604.06,2476410.81,-3.43,-1.64,-0.66,-0.36
Livs0125s3a,287603.96,2476410.8,-3.53,-1.72,-0.85,-0.45
Livs0125s3a,287603.86,2476410.8,-3.58,-1.7,-0.91,-0.45
Livs0125s3a,287603.75,2476410.8,-3.75,-1.72,-0.92,-0.34
Livs0125s3a,287603.65,2476410.79,-3.7,-1.62,-0.92,-0.44
Livs0125s3a,287603.56,2476410.79,-3.7,-1.59,-0.92,-0.35
Livs0125s3a,287603.45,2476410.79,-3.67,-1.5,-0.83,-0.36
Livs0125s3a,287603.34,2476410.8,-3.32,-1.24,-0.65,-0.26
Livs0125s3a,287603.23,2476410.8,-2.59,-0.71,-0.48,-0.27
Livs0125s3a,287603.13,2476410.81,-1.28,0.17,-0.21,-0.09
Livs0125s3a,287603.02,2476410.81,0.84,1.86,0.85,0.44
Livs0125s3a,287602.91,2476410.82,4.02,4.23,2.08,1.14
Livs0125s3a,287602.8,2476410.82,8.28,7.76,3.68,2.03
Livs0125s3a,287602.69,2476410.83,16.74,14.11,5.95,3.26
Livs0125s3a,287602.59,2476410.83,23.01,18.69,8.24,4.51
Livs0125s3a,287602.48,2476410.83,27.69,21.53,10.81,5.55
Livs0125s3a,287602.37,2476410.84,29.17,21.52,11.17,5.38
Livs0125s3a,287602.27,2476410.84,27.52,19.32,10.27,4.76
Livs0125s3a,287602.16,2476410.84,25.04,16.58,9.24,4.07
Livs0125s3a,287602.06,2476410.84,23.99,15.61,8.79,3.79
Livs0125s3a,287601.95,2476410.84,25.33,17.12,9.75,4.33
Livs0125s3a,287601.85,2476410.84,26.46,18.44,10.55,4.76
Livs0125s3a,287601.74,2476410.84,25.77,18.17,10.54,4.77
Livs0125s3a,287601.63,2476410.84,23.02,16.24,9.74,4.32
Livs0125s3a,287601.53,2476410.85,16.66,11.04,8.26,3.52
Livs0125s3a,287601.42,2476410.85,11.81,7.33,5.62,2.21
Livs0125s3a,287601.31,2476410.85,7.41,4.16,4.02,1.41
Livs0125s3a,287601.2,2476410.85,3.7,1.77,2.51,0.71
Livs0125s3a,287601.09,2476410.85,0.88,0.2,1.47,0.27
Livs0125s3a,287600.98,2476410.85,-1.51,-1.22,0.59,-0.09
Livs0125s3a,287600.87,2476410.85,-2.48,-1.59,0.06,-0.16
Livs0125s3a,287600.76,2476410.85,-2.84,-1.67,-0.49,-0.26
Livs0125s3a,287600.65,2476410.85,-3.02,-1.76,-0.64,-0.45
Livs0125s3a,287600.54,2476410.85,-2.96,-1.58,-0.74,-0.35
Livs0125s3a,287600.42,2476410.85,-2.52,-1.33,-0.66,-0.34
Livs0125s3a,287600.32,2476410.85,-2.2,-1.07,-0.56,-0.25
Livs0125s3a,287600.21,2476410.85,-1.68,-0.63,-0.3,-0.01
Livs0125s3a,287600.11,2476410.85,-1.14,-0.1,-0.14,-0.08
Livs0125s3a,287600,2476410.84,-0.16,0.5,0.14,0.18
Livs0125s3a,287599.9,2476410.84,1.95,2.09,0.76,0.52
Livs0125s3a,287599.79,2476410.84,3.78,3.77,1.55,0.88
Livs0125s3a,287599.68,2476410.83,5.98,5.26,2.6,1.41
Livs0125s3a,287599.58,2476410.83,7.66,6.4,3.22,1.84
Livs0125s3a,287599.47,2476410.82,8.47,6.77,3.4,1.75
Livs0125s3a,287599.37,2476410.82,8.1,6.05,3.23,1.59
Livs0125s3a,287599.26,2476410.82,7.38,4.99,2.79,1.24
Livs0125s3a,287599.16,2476410.82,6.49,4.38,2.52,1.16
Livs0125s3a,287599.05,2476410.82,5.97,4.2,2.35,1.06
Livs0125s3a,287598.95,2476410.82,5.97,4.21,2.44,1.06
Livs0125s3a,287598.84,2476410.82,5.88,4.47,2.44,1.25
Livs0125s3a,287598.74,2476410.82,5.33,4.2,2.42,1.14
Livs0125s3a,287598.64,2476410.82,4.16,3.4,2.07,0.97
Livs0125s3a,287598.53,2476410.82,2.76,2.52,1.73,0.79
Livs0125s3a,287598.42,2476410.83,1.43,1.53,1.2,0.54
Livs0125s3a,287598.32,2476410.83,-0.35,0.21,0.66,0.17
Livs0125s3a,287598.22,2476410.83,-1.42,-0.5,0.04,-0.1
Livs0125s3a,287598.12,2476410.83,-2.13,-1.02,-0.23,-0.17
Livs0125s3a,287598.02,2476410.83,-2.75,-1.38,-0.41,-0.35
Livs0125s3a,287597.92,2476410.84,-3.12,-1.47,-0.65,-0.26
Livs0125s3a,287597.82,2476410.84,-3.38,-1.64,-0.76,-0.35
Livs0125s3a,287597.73,2476410.84,-3.42,-1.74,-0.85,-0.45
Livs0125s3a,287597.63,2476410.85,-3.42,-1.75,-0.84,-0.52
Livs0125s3a,287597.53,2476410.85,-3.27,-1.67,-0.94,-0.36
Livs0125s3a,287597.43,2476410.86,-3.19,-1.5,-0.85,-0.36
Livs0125s3a,287597.33,2476410.86,-2.85,-1.34,-0.76,-0.35
Livs0125s3a,287597.22,2476410.86,-2.63,-1.17,-0.67,-0.35
Livs0125s3a,287597.11,2476410.86,-2.5,-1,-0.59,-0.36
Livs0125s3a,287597,2476410.86,-2.08,-0.83,-0.5,-0.34
Livs0125s3a,287596.88,2476410.86,-1.75,-0.65,-0.41,-0.34
Livs0125s3a,287596.77,2476410.85,-1.33,-0.32,-0.42,-0.25
Livs0125s3a,287596.65,2476410.85,-1.19,-0.17,-0.34,-0.16
Livs0125s3a,287596.54,2476410.85,-0.8,0.08,-0.08,0
Livs0125s3a,287596.4,2476410.85,0.49,1.14,0.28,0.27
Livs0125s3a,287596.29,2476410.85,1.69,1.92,0.71,0.36
Livs0125s3a,287596.17,2476410.85,2.71,2.79,1.16,0.62
Livs0125s3a,287596.07,2476410.85,3.4,3.05,1.42,0.54
Livs0125s3a,287595.97,2476410.86,3.3,2.95,1.41,0.53
Livs0125s3a,287595.87,2476410.86,2.29,2.15,1.14,0.37
Livs0125s3a,287595.77,2476410.87,1.22,1.42,0.88,0.27
Livs0125s3a,287595.67,2476410.87,0.13,0.71,0.44,0.01
Livs0125s3a,287595.57,2476410.88,-1.02,-0.08,0.17,-0.07
Livs0125s3a,287595.46,2476410.88,-1.85,-0.61,-0.09,-0.16
Livs0125s3a,287595.36,2476410.89,-2.38,-0.97,-0.18,-0.09
Livs0125s3a,287595.26,2476410.89,-2.57,-1.16,-0.27,-0.16
Livs0125s3a,287595.16,2476410.9,-2.69,-1.26,-0.44,-0.16
Livs0125s3a,287595.05,2476410.9,-2.71,-1.25,-0.44,-0.16
Livs0125s3a,287594.95,2476410.9,-2.82,-1.17,-0.45,-0.09
Livs0125s3a,287594.84,2476410.9,-2.57,-1.08,-0.44,-0.09
Livs0125s3a,287594.73,2476410.9,-2.53,-0.92,-0.37,0
Livs0125s3a,287594.63,2476410.9,-2.45,-0.66,-0.29,0.02
Livs0125s3a,287594.52,2476410.9,-2.39,-0.67,-0.2,0.1
Livs0125s3a,287594.41,2476410.9,-2.24,-0.59,-0.29,0.01
Livs0125s3a,287594.3,2476410.9,-2.1,-0.52,-0.27,0.02
Livs0125s3a,287594.2,2476410.89,-1.77,-0.44,-0.21,0.02
Livs0125s3a,287594.09,2476410.9,-1.71,-0.29,-0.01,0.18
Livs0125s3a,287593.98,2476410.9,-1.3,-0.19,0.06,0.17
Livs0125s3a,287593.88,2476410.9,-0.65,0.3,0.32,0.28
Livs0125s3a,287593.77,2476410.9,2.14,2.57,0.86,0.62
Livs0125s3a,287593.66,2476410.9,7.19,6.87,2.34,1.41
Livs0125s3a,287593.56,2476410.91,16.63,14.59,6.98,3.96
Livs0125s3a,287593.45,2476410.91,30.92,26.17,12.61,6.85
Livs0125s3a,287593.34,2476410.91,48.7,40.18,19.44,10.44
Livs0125s3a,287593.24,2476410.91,72.71,57.65,26.55,13.87
Livs0125s3a,287593.13,2476410.92,81.8,62.72,31.47,16.16
Livs0125s3a,287593.03,2476410.92,81.23,59.72,32.58,15.89
Livs0125s3a,287592.93,2476410.92,71.46,50.12,29.35,13.53
Livs0125s3a,287592.83,2476410.91,56.43,37.41,24.07,10.53
Livs0125s3a,287592.73,2476410.91,40.55,24.95,18.27,7.46
Livs0125s3a,287592.62,2476410.91,21.33,11.26,12.93,4.83
Livs0125s3a,287592.52,2476410.91,11.82,5.09,7.23,2.21
Livs0125s3a,287592.42,2476410.91,5.3,1.67,4.43,1.14
Livs0125s3a,287592.32,2476410.9,1.27,-0.08,2.66,0.62
Livs0125s3a,287592.22,2476410.9,-0.95,-0.88,1.52,0.27
Livs0125s3a,287592.12,2476410.9,-2.35,-1.04,0.83,0.18
Livs0125s3a,287592.01,2476410.9,-2.55,-1.15,0.38,0.1
Livs0125s3a,287591.9,2476410.9,-2.4,-1.26,0.1,0.02
Livs0125s3a,287591.79,2476410.91,-2.32,-1.25,-0.06,0.01
Livs0125s3a,287591.68,2476410.91,-2.35,-1.09,-0.15,0.1
Livs0125s3a,287591.57,2476410.92,-2.62,-1.1,-0.24,0.02
Livs0125s3a,287591.46,2476410.92,-2.83,-1.19,-0.34,-0.08
Livs0125s3a,287591.34,2476410.93,-3.14,-1.28,-0.43,-0.16
Livs0125s3a,287591.23,2476410.93,-3.25,-1.21,-0.42,-0.17
Livs0125s3a,287591.12,2476410.93,-3.26,-1.12,-0.34,-0.08
Livs0125s3a,287591.01,2476410.94,-3.2,-0.88,-0.26,0.01
Livs0125s3a,287590.89,2476410.94,-2.96,-0.62,-0.24,0.11
Livs0125s3a,287590.78,2476410.94,-1.95,0.16,0.01,0.28
Livs0125s3a,287590.67,2476410.93,0.3,1.99,0.88,0.71
Livs0125s3a,287590.55,2476410.93,5.08,5.92,2.8,1.77
Livs0125s3a,287590.44,2476410.92,16.97,15.47,5.96,3.5
Livs0125s3a,287590.33,2476410.92,25.52,21.84,9.46,5.27
Livs0125s3a,287590.22,2476410.91,31.36,25.69,12.97,6.85
Livs0125s3a,287590.1,2476410.91,33.42,26.38,13.91,7.1
Livs0125s3a,287589.99,2476410.9,31.75,24.07,13.47,6.58
Livs0125s3a,287589.88,2476410.9,24.65,17.77,11.99,5.61
Livs0125s3a,287589.77,2476410.9,18.24,12.43,9.8,4.3
Livs0125s3a,287589.67,2476410.9,11.89,7.68,6.47,2.64
Livs0125s3a,287589.56,2476410.9,6.63,4.01,4.36,1.69
Livs0125s3a,287589.46,2476410.91,2.58,1.55,2.8,0.96
Livs0125s3a,287589.35,2476410.91,-1.1,-0.56,1.75,0.63
Livs0125s3a,287589.25,2476410.91,-2.77,-1.16,0.95,0.45
Livs0125s3a,287589.15,2476410.92,-3.67,-1.62,0.17,0.2
Livs0125s3a,287589.03,2476410.92,-4.22,-1.96,-0.28,-0.16
Livs0125s3a,287588.94,2476410.92,-4.49,-2.14,-0.55,-0.34
Livs0125s3a,287588.84,2476410.92,-4.66,-2.15,-0.81,-0.34
Livs0125s3a,287588.75,2476410.93,-4.77,-1.97,-0.81,-0.43
Livs0125s3a,287588.66,2476410.93,-4.81,-1.92,-0.9,-0.25
Livs0125s3a,287588.58,2476410.93,-4.9,-1.82,-0.72,-0.24
Livs0125s3a,287588.49,2476410.93,-5,-1.74,-0.63,-0.16
Livs0125s3a,287588.4,2476410.93,-5,-1.56,-0.72,-0.16
Livs0125s3a,287588.32,2476410.93,-4.82,-1.3,-0.64,-0.08
Livs0125s3a,287588.24,2476410.93,-4.75,-1.31,-0.64,-0.07
Livs0125s3a,287588.14,2476410.93,-4.49,-1.22,-0.46,-0.15
Livs0125s3a,287588.05,2476410.93,-4.15,-0.88,-0.37,0.01
Livs0125s3a,287587.96,2476410.93,-3.82,-0.7,-0.21,0.1
Livs0125s3a,287587.85,2476410.93,-3.3,-0.26,-0.12,0
Livs0125s3a,287587.73,2476410.92,-2.18,0.52,0.32,0.2
Livs0125s3a,287587.62,2476410.92,0.61,2.88,1.28,0.71
Livs0125s3a,287587.5,2476410.91,8.31,9.25,4.34,2.38
Livs0125s3a,287587.39,2476410.91,38.83,34.79,11.43,6.4
Livs0125s3a,287587.27,2476410.91,74.5,63.05,29.61,16.02
Livs0125s3a,287587.16,2476410.9,107.83,87.63,42.38,22.41
Livs0125s3a,287587.04,2476410.9,129.36,101.7,51.04,26.09
Livs0125s3a,287586.92,2476410.89,135.58,102.85,54.03,26.77
Livs0125s3a,287586.81,2476410.89,119.15,84.94,51.42,24.33
Livs0125s3a,287586.72,2476410.9,95.91,64.83,44.32,19.95
Livs0125s3a,287586.62,2476410.9,69.95,44.34,31.3,12.7
Livs0125s3a,287586.53,2476410.91,46.23,27.12,22.53,8.4
Livs0125s3a,287586.44,2476410.91,27.38,14.7,15.47,5.27
Livs0125s3a,287586.35,2476410.92,9.7,4.3,10.21,3.16
Livs0125s3a,287586.25,2476410.93,2.65,0.63,6.37,1.67
Livs0125s3a,287586.16,2476410.93,-1.29,-0.94,3.04,0.54
Livs0125s3a,287586.07,2476410.94,-3.28,-1.46,1.73,0.2
Livs0125s3a,287585.97,2476410.94,-4.13,-1.45,0.87,0.02
Livs0125s3a,287585.88,2476410.95,-4.56,-1.28,0.32,-0.09
Livs0125s3a,287585.8,2476410.94,-4.55,-1.25,0.07,-0.15
Livs0125s3a,287585.72,2476410.94,-4.42,-1.17,-0.19,-0.15
Livs0125s3a,287585.63,2476410.94,-4.3,-0.98,-0.35,-0.16
Livs0125s3a,287585.55,2476410.94,-4.29,-0.87,-0.36,-0.16
Livs0125s3a,287585.47,2476410.94,-4.08,-0.7,-0.45,-0.16
Livs0125s3a,287585.39,2476410.94,-3.97,-0.69,-0.43,-0.09
Livs0125s3a,287585.3,2476410.94,-3.87,-0.69,-0.27,-0.07
Livs0125s3a,287585.22,2476410.94,-3.75,-0.78,-0.35,-0.15
Livs0125s3a,287585.13,2476410.93,-3.7,-0.84,-0.34,-0.16
Livs0125s3a,287585.06,2476410.93,-3.51,-0.67,-0.35,0.01
Livs0125s3a,287584.99,2476410.93,-3.48,-0.64,-0.43,-0.08
Livs0125s3a,287584.92,2476410.93,-3.38,-0.65,-0.43,-0.08
Livs0125s3a,287584.85,2476410.93,-3.33,-0.72,-0.44,-0.09
Livs0125s3a,287584.78,2476410.93,-3.2,-0.62,-0.43,-0.17
Livs0125s3a,287584.71,2476410.93,-2.98,-0.59,-0.33,-0.08
Livs0125s3a,287584.64,2476410.92,-2.87,-0.51,-0.42,-0.17
Livs0125s3a,287584.57,2476410.92,-3.1,-0.4,-0.23,0.01
Livs0125s3a,287584.49,2476410.92,-3.25,-0.3,-0.23,0.11
Livs0125s3a,287584.42,2476410.92,-3.29,-0.38,-0.25,0.02
Livs0125s3a,287584.36,2476410.92,-3.25,-0.36,-0.31,-0.17
Livs0125s3a,287584.31,2476410.92,-3.15,-0.45,-0.31,-0.16
Livs0125s3a,287584.25,2476410.91,-2.94,-0.44,-0.33,-0.25
Livs0125s3a,287584.2,2476410.91,-2.71,-0.23,-0.24,-0.09
Livs0125s3a,287584.15,2476410.91,-2.5,-0.3,-0.22,0.02
Livs0125s3a,287584.09,2476410.9,-2.44,-0.22,-0.23,0.01
Livs0125s3a,287584.04,2476410.9,-2.33,-0.37,-0.22,0.02
Livs0125s3a,287583.99,2476410.9,-2.39,-0.45,-0.3,-0.09
Livs0125s3a,287583.92,2476410.89,-2.55,-0.43,-0.31,-0.17
Livs0125s3a,287583.87,2476410.89,-2.77,-0.61,-0.39,-0.26
Livs0125s3a,287583.82,2476410.89,-2.74,-0.5,-0.31,-0.25
Livs0125s3a,287583.76,2476410.9,-2.83,-0.5,-0.39,-0.27
Livs0125s3a,287583.71,2476410.91,-2.81,-0.41,-0.48,-0.35
Livs0125s3a,287583.65,2476410.91,-2.68,-0.48,-0.47,-0.34
Livs0125s3a,287583.6,2476410.92,-2.65,-0.48,-0.37,-0.43
Livs0125s3a,287583.55,2476410.93,-2.57,-0.66,-0.37,-0.43
Livs0125s3a,287583.49,2476410.93,-2.46,-0.65,-0.47,-0.34
Livs0125s3a,287583.42,2476410.94,-2.45,-0.64,-0.45,-0.34
Livs0125s3a,287583.38,2476410.94,-2.51,-0.72,-0.39,-0.34
Livs0125s3a,287583.33,2476410.95,-2.39,-0.54,-0.36,-0.33
Livs0125s3a,287583.3,2476410.95,-2.01,-0.52,-0.37,-0.35
Livs0125s3a,287583.29,2476410.95,-1.92,-0.52,-0.38,-0.18
Livs0125s3a,287583.27,2476410.94,-1.99,-0.42,-0.38,-0.27
Livs0125s3a,287583.25,2476410.94,-2.06,-0.32,-0.28,-0.16
Livs0125s3a,287583.23,2476410.93,-2.01,-0.33,-0.28,-0.25
Livs0125s3a,287583.21,2476410.93,-2.16,-0.32,-0.27,-0.17
Livs0125s3p,287583.49,2476410.91,0.75,-0.26,0.24,0.22
Livs0125s3p,287583.49,2476410.91,0.68,0.04,0.36,0.13
Livs0125s3p,287583.48,2476410.91,1.15,0.2,0.35,-0.06
Livs0125s3p,287583.47,2476410.91,1.61,0.32,0.44,-0.06
Livs0125s3p,287583.46,2476410.91,1.97,-0.07,0.44,-0.06
Livs0125s3p,287583.46,2476410.91,1.97,-0.25,0.34,-0.06
Livs0125s3p,287583.45,2476410.91,1.49,0.1,0.25,-0.06
Livs0125s3p,287583.44,2476410.91,1.02,0.29,0.24,-0.05
Livs0125s3p,287583.43,2476410.9,0.75,0.49,0.26,-0.15
Livs0125s3p,287583.43,2476410.9,0.58,0.49,0.43,-0.05
Livs0125s3p,287583.42,2476410.9,0.55,0.39,0.53,-0.06
Livs0125s3p,287583.41,2476410.9,0.63,0.49,0.61,0.03
Livs0125s3p,287583.41,2476410.9,0.63,0.75,0.61,-0.06
Livs0125s3p,287583.41,2476410.9,0.91,0.93,0.72,-0.06
Livs0125s3p,287583.42,2476410.89,0.98,0.47,0.81,-0.07
Livs0125s3p,287583.43,2476410.89,0.88,0.38,0.7,0.05
Livs0125s3p,287583.44,2476410.88,0.6,0.29,0.53,0.22
Livs0125s3p,287583.45,2476410.88,0.39,-0.1,0.35,0.23
Livs0125s3p,287583.46,2476410.87,0.59,0,0.42,0.22
Livs0125s3p,287583.47,2476410.87,0.76,0.17,0.35,0.22
Livs0125s3p,287583.49,2476410.86,0.83,0.45,0.34,0.23
Livs0125s3p,287583.5,2476410.86,0.83,0.9,0.25,0.04
Livs0125s3p,287583.56,2476410.87,0.64,1.28,0.34,-0.07
Livs0125s3p,287583.65,2476410.88,0.45,1.38,0.34,-0.06
Livs0125s3p,287583.74,2476410.89,0.66,1.2,0.24,-0.15
Livs0125s3p,287583.84,2476410.91,0.94,0.73,0.34,-0.15
Livs0125s3p,287583.93,2476410.92,1.31,0.93,0.53,-0.23
Livs0125s3p,287584.02,2476410.94,1.32,0.55,0.35,-0.24
Livs0125s3p,287584.12,2476410.95,1.12,0.27,0.33,-0.34
Livs0125s3p,287584.21,2476410.97,0.93,0.07,0.54,-0.23
Livs0125s3p,287584.3,2476410.98,0.56,-0.28,0.53,-0.05
Livs0125s3p,287584.4,2476410.99,0.29,-0.21,0.62,0.04
Livs0125s3p,287584.52,2476410.99,-0.28,-0.01,0.62,-0.06
Livs0125s3p,287584.65,2476410.99,-0.19,-0.1,0.43,-0.05
Livs0125s3p,287584.77,2476410.98,0.11,-0.01,0.43,0.05
Livs0125s3p,287584.9,2476410.97,0.39,0.54,0.34,-0.05
Livs0125s3p,287585.03,2476410.97,0.47,0.64,0.14,-0.05
Livs0125s3p,287585.16,2476410.96,0.66,0.73,0.34,-0.07
Livs0125s3p,287585.29,2476410.95,0.85,0.91,0.43,0.13
Livs0125s3p,287585.41,2476410.95,0.75,0.83,0.52,-0.07
Livs0125s3p,287585.54,2476410.94,0.84,0.45,0.43,-0.05
Livs0125s3p,287585.67,2476410.94,0.75,-0.03,0.43,-0.33
Livs0125s3p,287585.78,2476410.93,0.84,0.18,0.62,0.04
Livs0125s3p,287585.88,2476410.93,0.92,0.35,0.8,0.33
Livs0125s3p,287585.98,2476410.93,1.29,0.45,0.79,0.21
Livs0125s3p,287586.09,2476410.93,1.76,1.28,0.91,0.12
Livs0125s3p,287586.19,2476410.93,2.47,1.74,0.79,0.22
Livs0125s3p,287586.29,2476410.93,4.41,3.33,1.64,0.49
Livs0125s3p,287586.39,2476410.93,9.96,8.15,3.96,1.91
Livs0125s3p,287586.5,2476410.93,23.63,19.49,9.37,4.89
Livs0125s3p,287586.6,2476410.93,65.7,53.72,19.68,10.56
Livs0125s3p,287586.72,2476410.93,107.07,85.45,34.75,18.36
Livs0125s3p,287586.86,2476410.93,139.15,107.21,53.26,27.65
Livs0125s3p,287587.01,2476410.93,148.5,109.6,56.89,28.6
Livs0125s3p,287587.17,2476410.93,134.83,94.43,52.59,25.15
Livs0125s3p,287587.32,2476410.93,92.95,59.09,43.3,19.2
Livs0125s3p,287587.48,2476410.93,61.69,35.55,32.04,13.06
Livs0125s3p,287587.63,2476410.93,36.47,18.35,18.27,6.08
Livs0125s3p,287587.79,2476410.94,18.42,7.27,11.39,2.83
Livs0125s3p,287587.94,2476410.94,7.65,1.43,6.75,1.07
Livs0125s3p,287588.1,2476410.94,1.78,-0.81,3.87,0.4
Livs0125s3p,287588.24,2476410.94,-0.73,-0.82,1.81,0.32
Livs0125s3p,287588.37,2476410.94,-1.31,-0.37,0.14,0.14
Livs0125s3p,287588.48,2476410.94,-1.32,-0.18,-0.32,0.04
Livs0125s3p,287588.6,2476410.94,-1.05,0.19,-0.24,-0.06
Livs0125s3p,287588.71,2476410.95,-0.69,0.2,-0.14,-0.04
Livs0125s3p,287588.83,2476410.95,-0.32,0.09,0.04,0.04
Livs0125s3p,287588.95,2476410.95,-0.24,0.1,0.23,0.03
Livs0125s3p,287589.06,2476410.95,-0.25,0.19,0.33,0.13
Livs0125s3p,287589.18,2476410.95,-0.06,0.37,0.42,0.23
Livs0125s3p,287589.3,2476410.95,0.4,0.74,0.6,0.41
Livs0125s3p,287589.42,2476410.96,2.24,2.4,1.08,0.41
Livs0125s3p,287589.56,2476410.96,6.21,5.73,1.99,1.05
Livs0125s3p,287589.71,2476410.96,14.45,12.78,6.08,3.11
Livs0125s3p,287589.86,2476410.97,27.35,23.11,10.83,5.8
Livs0125s3p,287590,2476410.97,39.33,31.37,15.57,8.03
Livs0125s3p,287590.15,2476410.97,43.47,32.11,17.42,8.49
Livs0125s3p,287590.3,2476410.98,37.7,26.32,16.47,7.56
Livs0125s3p,287590.44,2476410.98,28.11,18.88,12.66,4.5
Livs0125s3p,287590.59,2476410.98,18.34,12.38,9.71,2.27
Livs0125s3p,287590.73,2476410.99,10.24,7.46,7.37,0.5
Livs0125s3p,287590.88,2476410.99,4.48,3.64,5.62,-0.34
Livs0125s3p,287591.02,2476410.98,0.18,0.57,3.75,-0.53
Livs0125s3p,287591.17,2476410.97,-0.95,-0.17,2.35,-0.41
Livs0125s3p,287591.31,2476410.96,-1.35,-0.29,1.79,-0.33
Livs0125s3p,287591.45,2476410.96,-1.25,-0.1,1.23,0.03
Livs0125s3p,287591.6,2476410.95,-0.99,0.18,1.06,0.13
Livs0125s3p,287591.74,2476410.94,-0.71,0.54,0.86,0.12
Livs0125s3p,287591.88,2476410.93,-0.37,0.54,0.77,0.14
Livs0125s3p,287592.02,2476410.92,0.09,0.62,0.67,0.14
Livs0125s3p,287592.17,2476410.92,0.66,0.55,0.57,0.32
Livs0125s3p,287592.31,2476410.91,1.3,0.91,0.76,0.41
Livs0125s3p,287592.44,2476410.9,4.82,3.88,1.52,0.87
Livs0125s3p,287592.57,2476410.9,12.04,10,3.54,1.82
Livs0125s3p,287592.7,2476410.9,26.13,21.6,10.52,5.53
Livs0125s3p,287592.84,2476410.89,46.92,38.29,18.6,9.8
Livs0125s3p,287592.97,2476410.89,68.25,54.17,26.96,13.87
Livs0125s3p,287593.1,2476410.88,80.66,60.85,32.06,15.73
Livs0125s3p,287593.23,2476410.88,72.75,52.2,31.87,14.9
Livs0125s3p,287593.36,2476410.87,56.74,37.7,24.44,10.35
Livs0125s3p,287593.49,2476410.87,39.16,23.4,18.03,6.81
Livs0125s3p,287593.63,2476410.87,23.95,12.27,12.18,3.93
Livs0125s3p,287593.76,2476410.87,9.44,3.07,7.91,1.98
Livs0125s3p,287593.89,2476410.87,3.76,0.18,4.55,1.06
Livs0125s3p,287594.03,2476410.87,1.06,-1.22,1.5,0.89
Livs0125s3p,287594.16,2476410.87,-0.34,-1.42,0.48,0.5
Livs0125s3p,287594.29,2476410.87,-0.81,-1.14,0,0.43
Livs0125s3p,287594.43,2476410.88,-0.91,-0.85,0,0.23
Livs0125s3p,287594.56,2476410.88,-0.92,-0.3,0.1,0.23
Livs0125s3p,287594.73,2476410.88,-1.11,0.17,0.19,0.15
Livs0125s3p,287594.84,2476410.88,-1.3,-0.02,0.1,-0.05
Livs0125s3p,287594.98,2476410.88,-1.5,-0.22,0.09,-0.04
Livs0125s3p,287595.13,2476410.89,-1.54,-0.12,0.3,-0.05
Livs0125s3p,287595.28,2476410.89,-1.09,-0.14,0.56,0.15
Livs0125s3p,287595.43,2476410.89,-0.62,0.13,0.67,0.14
Livs0125s3p,287595.58,2476410.89,0.09,0.69,0.85,0.14
Livs0125s3p,287595.73,2476410.89,1.38,1.62,1.12,0.32
Livs0125s3p,287595.88,2476410.89,3.51,2.9,1.49,0.31
Livs0125s3p,287596.03,2476410.89,4.14,3.46,2.04,0.6
Livs0125s3p,287596.18,2476410.89,4.02,3.16,2.03,0.6
Livs0125s3p,287596.33,2476410.89,3.36,2.43,1.66,0.51
Livs0125s3p,287596.48,2476410.89,2.4,1.67,1.4,0.42
Livs0125s3p,287596.61,2476410.88,0.99,0.73,1.02,0.23
Livs0125s3p,287596.75,2476410.88,0.4,0.46,0.83,0.14
Livs0125s3p,287596.89,2476410.87,-0.07,0.06,0.56,0.13
Livs0125s3p,287597.03,2476410.87,-0.73,-0.5,0.38,0.04
Livs0125s3p,287597.17,2476410.86,-1.22,-0.87,0.27,0.05
Livs0125s3p,287597.31,2476410.86,-1.81,-1.16,0.08,0.06
Livs0125s3p,287597.45,2476410.85,-2.18,-1.43,-0.1,-0.23
Livs0125s3p,287597.59,2476410.85,-2.39,-1.45,-0.2,-0.41
Livs0125s3p,287597.72,2476410.84,-2.41,-1.54,-0.29,-0.41
Livs0125s3p,287597.85,2476410.85,-2.53,-1.54,-0.37,-0.31
Livs0125s3p,287597.97,2476410.85,-2.55,-1.28,-0.28,-0.23
Livs0125s3p,287598.1,2476410.86,-2.4,-0.93,-0.2,-0.15
Livs0125s3p,287598.22,2476410.86,-2.05,-0.66,-0.01,-0.04
Livs0125s3p,287598.35,2476410.87,-1.15,0.26,0.45,0.04
Livs0125s3p,287598.47,2476410.87,0.23,1.27,0.91,0.42
Livs0125s3p,287598.59,2476410.88,3.16,3.67,1.74,0.69
Livs0125s3p,287598.72,2476410.88,5.47,5.25,2.58,1.24
Livs0125s3p,287598.84,2476410.89,7.11,6.27,3.31,1.52
Livs0125s3p,287598.96,2476410.89,7.93,6.36,3.4,1.52
Livs0125s3p,287599.09,2476410.89,8.02,6.25,3.5,1.36
Livs0125s3p,287599.22,2476410.9,8.66,6.52,3.77,1.53
Livs0125s3p,287599.35,2476410.9,10.04,8.11,4.22,1.72
Livs0125s3p,287599.48,2476410.9,10.79,8.75,5.07,2.18
Livs0125s3p,287599.61,2476410.9,10.22,8.28,5.08,2.17
Livs0125s3p,287599.74,2476410.9,8.65,6.79,4.42,1.81
Livs0125s3p,287599.87,2476410.9,6.34,4.67,3.68,1.36
Livs0125s3p,287600,2476410.9,3.16,2.25,2.74,0.88
Livs0125s3p,287600.13,2476410.9,1.11,0.76,1.92,0.41
Livs0125s3p,287600.27,2476410.9,-0.36,-0.16,0.99,0.05
Livs0125s3p,287600.4,2476410.9,-1.58,-0.8,0.54,-0.15
Livs0125s3p,287600.53,2476410.89,-2.34,-1.01,0.17,-0.24
Livs0125s3p,287600.67,2476410.89,-3.08,-1.2,-0.04,-0.23
Livs0125s3p,287600.8,2476410.88,-3.21,-1.28,-0.11,-0.23
Livs0125s3p,287600.93,2476410.87,-3.03,-0.92,0.05,-0.13
Livs0125s3p,287601.07,2476410.87,-2.48,-0.37,0.15,0.06
Livs0125s3p,287601.2,2476410.86,-1.48,0.66,0.61,0.25
Livs0125s3p,287601.33,2476410.86,1.76,3.43,1.36,0.71
Livs0125s3p,287601.47,2476410.85,6,6.74,2.65,1.43
Livs0125s3p,287601.59,2476410.85,12.38,11.36,5.9,3.11
Livs0125s3p,287601.7,2476410.85,19.29,16.45,8.39,4.31
Livs0125s3p,287601.81,2476410.85,24.47,19.41,10.33,5.14
Livs0125s3p,287601.92,2476410.85,25.67,18.75,10.61,5.04
Livs0125s3p,287602.03,2476410.86,24.07,16.73,9.96,4.3
Livs0125s3p,287602.14,2476410.86,23.4,15.79,9.3,3.95
Livs0125s3p,287602.25,2476410.86,24.71,17.27,9.96,4.11
Livs0125s3p,287602.36,2476410.87,27.49,20.14,11.25,4.85
Livs0125s3p,287602.47,2476410.87,28.42,21.53,12.35,4.96
Livs0125s3p,287602.58,2476410.87,23.97,18.58,12.63,4.31
Livs0125s3p,287602.7,2476410.87,18.43,14.13,10.96,2.55
Livs0125s3p,287602.82,2476410.87,11.96,9.5,9.11,1.34
Livs0125s3p,287602.96,2476410.87,6.31,5.24,6.9,0.42
Livs0125s3p,287603.09,2476410.86,2.15,2.19,4.77,-0.05
Livs0125s3p,287603.22,2476410.86,-1.36,-0.31,3.12,-0.22
Livs0125s3p,287603.35,2476410.85,-2.66,-1.23,1.8,-0.23
Livs0125s3p,287603.48,2476410.85,-3.14,-1.6,0.61,-0.23
Livs0125s3p,287603.61,2476410.85,-3.41,-1.98,0.25,-0.23
Livs0125s3p,287603.74,2476410.84,-3.62,-1.88,-0.12,-0.32
Livs0125s3p,287603.88,2476410.84,-3.79,-1.61,-0.32,-0.31
Livs0125s3p,287604,2476410.83,-3.54,-1.16,-0.22,-0.23
Livs0125s3p,287604.11,2476410.82,-2.9,-0.7,-0.04,-0.04
Livs0125s3p,287604.23,2476410.81,-2.17,-0.13,0.32,0.04
Livs0125s3p,287604.34,2476410.8,-1.43,0.23,0.51,0.25
Livs0125s3p,287604.45,2476410.79,-0.52,0.96,0.79,0.33
Livs0125s3p,287604.56,2476410.77,0.03,1.53,0.88,0.33
Livs0125s3p,287604.67,2476410.76,0.39,1.7,1.15,0.43
Livs0125s3p,287604.78,2476410.75,0.85,1.99,1.16,0.5
Livs0125s3p,287604.89,2476410.74,1.32,2.08,1.34,0.43
Livs0125s3p,287605,2476410.73,1.78,2.16,1.44,0.42
Livs0125s3p,287605.12,2476410.72,2.35,2.64,1.62,0.51
Livs0125s3p,287605.25,2476410.73,2.63,3.01,1.91,0.61
Livs0125s3p,287605.38,2476410.74,2.82,3.29,2.09,0.79
Livs0125s3p,287605.51,2476410.75,2.53,3.27,2.08,0.78
Livs0125s3p,287605.64,2476410.76,1.72,2.83,1.99,0.69
Livs0125s3p,287605.77,2476410.77,0.26,1.53,1.53,0.62
Livs0125s3p,287605.9,2476410.78,-0.75,0.51,1.16,0.5
Livs0125s3p,287606.03,2476410.8,-1.86,-0.13,0.41,0.04
Livs0125s3p,287606.18,2476410.81,-2.78,-0.59,0.04,-0.22
Livs0125s3p,287606.3,2476410.82,-3.06,-0.87,0.04,-0.04
Livs0125s3p,287606.42,2476410.82,-3.34,-1.16,0.04,0.04
Livs0125s3p,287606.52,2476410.82,-3.72,-1.44,-0.23,-0.13
Livs0125s3p,287606.62,2476410.82,-3.99,-1.69,-0.41,-0.22
Livs0125s3p,287606.72,2476410.82,-4.25,-1.8,-0.5,-0.42
Livs0125s3p,287606.82,2476410.82,-4.16,-1.98,-0.59,-0.59
Livs0125s3p,287606.92,2476410.82,-3.98,-1.98,-0.59,-0.5
Livs0125s3p,287607.02,2476410.82,-3.44,-1.7,-0.41,-0.24
Livs0125s3p,287607.12,2476410.82,-2.95,-1.33,-0.12,-0.13
Livs0125s3p,287607.23,2476410.82,-2.2,-0.41,0.24,0.23
Livs0125s3p,287607.33,2476410.82,-1.46,0.36,0.34,0.34
Livs0125s3p,287607.45,2476410.82,-0.41,1.17,0.89,0.61
Livs0125s3p,287607.58,2476410.82,1.37,2.5,1.55,0.79
Livs0125s3p,287607.71,2476410.82,4.07,4.8,2.65,1.16
Livs0125s3p,287607.84,2476410.82,8.54,8.25,4.14,1.82
Livs0125s3p,287607.96,2476410.82,16.04,13.8,6.25,2.93
Livs0125s3p,287608.09,2476410.82,20.14,16.31,8.86,4.22
Livs0125s3p,287608.22,2476410.82,21.99,16.79,9.5,4.32
Livs0125s3p,287608.35,2476410.83,21.47,15.39,9.23,4.04
Livs0125s3p,287608.48,2476410.83,18.62,12.89,8.31,3.49
Livs0125s3p,287608.61,2476410.83,12.59,8.36,6.73,2.55
Livs0125s3p,287608.73,2476410.83,8.34,5.41,5.25,1.72
Livs0125s3p,287608.84,2476410.83,4.65,2.99,3.21,0.8
Livs0125s3p,287608.96,2476410.83,1.6,1.33,2,0.23
Livs0125s3p,287609.07,2476410.84,-0.34,0.31,1.47,0.05
Livs0125s3p,287609.19,2476410.84,-1.54,-0.61,0.89,-0.14
Livs0125s3p,287609.31,2476410.84,-1.9,-0.89,0.52,-0.05
Livs0125s3p,287609.42,2476410.84,-2.28,-1.15,0.33,0.05
Livs0125s3p,287609.54,2476410.84,-2.65,-1.06,0.25,0.14
Livs0125s3p,287609.65,2476410.85,-2.91,-1.16,0.16,-0.04
Livs0125s3p,287609.77,2476410.85,-3.28,-1.34,0.07,-0.14
Livs0125s3p,287609.9,2476410.85,-3.45,-1.42,0.07,-0.13
Livs0125s3p,287610.04,2476410.85,-3.54,-1.52,-0.03,-0.32
Livs0125s3p,287610.17,2476410.86,-3.54,-1.52,-0.21,-0.41
Livs0125s3p,287610.3,2476410.86,-3.33,-1.69,-0.31,-0.51
Livs0125s3p,287610.44,2476410.86,-3.14,-1.6,-0.39,-0.41
Livs0125s3p,287610.57,2476410.86,-2.3,-0.95,-0.31,-0.32
Livs0125s3p,287610.7,2476410.87,-1.1,-0.2,0.15,0.15
Livs0125s3p,287610.83,2476410.87,0.68,1.1,0.64,0.32
Livs0125s3p,287610.97,2476410.87,3.4,2.94,1.36,0.51
Livs0125s3p,287611.1,2476410.87,6.63,5.08,2.29,0.98
Livs0125s3p,287611.23,2476410.87,11.27,7.69,3.13,1.07
Livs0125s3p,287611.37,2476410.87,12.94,8.13,3.97,1.54
Livs0125s3p,287611.5,2476410.86,12.31,7.32,3.78,1.34
Livs0125s3p,287611.63,2476410.86,9.9,5.55,3.51,1.34
Livs0125s3p,287611.77,2476410.85,7.03,3.89,2.77,1.07
Livs0125s3p,287611.9,2476410.85,3.34,1.76,2.38,0.87
Livs0125s3p,287612.04,2476410.84,2.22,1.58,1.57,0.14
Livs0125s3p,287612.17,2476410.84,2.51,2.04,1.56,-0.03
Livs0125s3p,287612.3,2476410.84,3.63,2.96,1.64,0.04
Livs0125s3p,287612.43,2476410.83,5.12,4.17,1.93,0.42
Livs0125s3p,287612.53,2476410.82,5.59,4.18,1.94,0.33
Livs0125s3p,287612.63,2476410.82,4.2,2.88,1.56,0.15
Livs0125s3p,287612.73,2476410.81,2.53,1.59,0.91,-0.22
Livs0125s3p,287612.82,2476410.8,1.99,1.21,0.63,-0.14
Livs0125s3p,287612.92,2476410.8,2.65,1.97,0.91,-0.05
Livs0125s3p,287613.02,2476410.79,4.23,3.17,1.1,0.23
Livs0125s3p,287613.12,2476410.79,4.58,3.55,1.46,0.41
Livs0125s3p,287613.22,2476410.78,4.24,3.18,1.47,0.6
Livs0125s3p,287613.31,2476410.77,3.4,2.62,1.38,0.51
Livs0125s3p,287613.42,2476410.77,2.76,2.16,1.47,0.5
Livs0125s3p,287613.54,2476410.78,2.57,2.07,1.48,0.5
Livs0125s3p,287613.67,2476410.79,3.96,2.8,1.84,0.59
Livs0125s3p,287613.8,2476410.8,5.83,4.2,2.68,1.07
Livs0125s3p,287613.93,2476410.81,8.34,6.34,3.59,1.35
Livs0125s3p,287614.05,2476410.82,10.96,8,4.54,1.81
Livs0125s3p,287614.18,2476410.83,12.35,8.66,4.9,1.81
Livs0125s3p,287614.31,2476410.83,11.86,8.29,4.89,1.72
Livs0125s3p,287614.44,2476410.84,10.3,7.17,4.8,1.72
Livs0125s3p,287614.57,2476410.85,7.98,5.6,3.98,1.44
Livs0125s3p,287614.68,2476410.86,5.76,4.12,3.22,1.25
Livs0125s3p,287614.78,2476410.85,3.53,2.64,2.68,0.97
Livs0125s3p,287614.87,2476410.85,0.74,0.78,1.84,0.61
Livs0125s3p,287614.96,2476410.84,-0.66,-0.05,1.28,0.24
Livs0125s3p,287615.05,2476410.83,-1.32,-0.45,0.83,0.15
Livs0125s3p,287615.14,2476410.83,-1.59,-0.53,0.54,0.04
Livs0125s3p,287615.23,2476410.82,-1.76,-0.61,0.36,0.06
Livs0125s3p,287615.31,2476410.82,-1.86,-0.7,0.27,-0.15
Livs0125s3p,287615.41,2476410.81,-1.87,-0.71,0.18,-0.24
Livs0125s3p,287615.49,2476410.8,-2.12,-0.81,-0.01,-0.31
Livs0125s3p,287615.59,2476410.8,-2.48,-0.99,-0.1,-0.31
Livs0125s3p,287615.71,2476410.8,-2.84,-1.26,-0.2,-0.31
Livs0125s3p,287615.83,2476410.81,-3.13,-1.63,-0.3,-0.31
Livs0125s3p,287615.95,2476410.81,-3.12,-1.72,-0.28,-0.31
Livs0125s3p,287616.07,2476410.81,-3.12,-1.62,-0.29,-0.23
Livs0125s3p,287616.19,2476410.82,-3.02,-1.43,-0.3,-0.32
Livs0125s3p,287616.31,2476410.82,-2.84,-1.34,-0.37,-0.33
Livs0125s3p,287616.43,2476410.83,-2.83,-1.35,-0.29,-0.51
Livs0125s3p,287616.57,2476410.83,-2.63,-1.24,-0.28,-0.33
Livs0125s3p,287616.67,2476410.84,-2.71,-1.14,-0.29,-0.14
Livs0125s3p,287616.78,2476410.84,-2.79,-1.15,-0.27,-0.23
Livs0125s3p,287616.88,2476410.85,-2.88,-1.41,-0.28,-0.22
Livs0125s3p,287616.97,2476410.86,-3.04,-1.31,-0.39,-0.22
Livs0125s3p,287617.07,2476410.86,-3.59,-1.32,-0.37,-0.23
Livs0125s3p,287617.16,2476410.87,-3.67,-1.32,-0.27,-0.43
Livs0125s3p,287617.25,2476410.88,-3.64,-1.4,-0.37,-0.52
Livs0125s3p,287617.35,2476410.88,-3.82,-1.48,-0.46,-0.51
Livs0125s3p,287617.44,2476410.89,-3.79,-1.65,-0.46,-0.52
Livs0125s3p,287617.54,2476410.9,-3.6,-1.38,-0.28,-0.41
Livs0125s3p,287617.63,2476410.91,-3.49,-1.27,-0.19,-0.23
Livs0125s3p,287617.7,2476410.91,-3.17,-1.17,-0.17,-0.23
Livs0125s3p,287617.75,2476410.92,-3.16,-0.97,-0.18,-0.13
Livs0125s3p,287617.81,2476410.92,-3.22,-0.89,-0.1,-0.14
Livs0125s3p,287617.87,2476410.93,-3.23,-0.88,-0.09,-0.22
Livs0125s3p,287617.93,2476410.93,-3.3,-1.07,-0.19,-0.23
Livs0125s3p,287617.99,2476410.94,-3.09,-1.14,-0.28,-0.24
Livs0125s3p,287618.05,2476410.94,-2.9,-1.42,-0.37,-0.33
Livs0125s3p,287618.11,2476410.95,-2.72,-1.51,-0.26,-0.42
Livs0125s3p,287618.16,2476410.96,-2.34,-1.34,-0.27,-0.43
Livs0125s3p,287618.21,2476410.96,-2.26,-1.05,-0.08,-0.23
Livs0125s3p,287618.23,2476410.97,-2.06,-1.06,0.02,-0.14
Livs0125s3p,287618.23,2476410.98,-2.06,-0.97,-0.08,-0.15
Livs0125s3p,287618.24,2476410.99,-1.88,-0.76,0.01,-0.06
Livs0125s3p,287618.24,2476411,-1.78,-0.77,0.1,-0.06
Livs0125s3p,287618.25,2476411,-1.86,-0.68,0.1,-0.06
Livs0125s3p,287618.25,2476411.01,-1.97,-0.76,0.02,-0.14
Livs0125s3p,287618.25,2476411.02,-2.16,-0.78,0.01,-0.22
Livs0125s3p,287618.26,2476411.03,-2.42,-0.87,0.02,-0.34
Livs0125s3p,287618.26,2476411.04,-2.61,-1.14,-0.19,-0.5
Livs0125s3p,287618.26,2476411.05,-2.71,-0.96,-0.17,-0.34
Livs0125s3p,287618.25,2476411.09,-2.5,-1.04,-0.18,-0.32
Livs0125s3p,287618.23,2476411.13,-2.4,-0.85,-0.08,-0.14
Livs0125s3p,287618.21,2476411.17,-2.2,-0.58,0.01,0.04
Livs0125s3p,287618.19,2476411.21,-2.29,-0.47,0.09,0.05
Livs0125s3p,287618.18,2476411.25,-2.28,-0.57,0.21,0.04
Livs0125s3p,287618.16,2476411.29,-2.46,-1.12,-0.28,-0.41
Livs0125s3p,287618.14,2476411.33,-2.91,-1.41,-0.35,-0.51
Livs0125s3p,287618.12,2476411.37,-3.12,-1.69,-0.54,-0.71
Livs0125s3p,287618.1,2476411.41,-3.21,-1.78,-0.63,-0.78
Livs0125s3p,287618.09,2476411.45,-3.11,-1.49,-0.64,-0.71
Livs0125s3p,287618.1,2476411.47,-2.92,-1.3,-0.37,-0.33
Livs0125s3p,287618.12,2476411.49,-2.74,-0.93,-0.16,-0.24
Livs0125s3p,287618.14,2476411.5,-2.58,-0.65,-0.18,-0.14
Livs0125s3p,287618.16,2476411.52,-2.57,-0.75,-0.17,-0.04
Livs0125s3p,287618.18,2476411.53,-2.87,-0.94,-0.17,-0.14
Livs0125s3p,287618.19,2476411.55,-2.96,-1.06,-0.35,-0.32
Livs0125s3p,287618.21,2476411.57,-3.16,-1.24,-0.35,-0.43
Livs0125s3p,287618.23,2476411.58,-3.17,-1.24,-0.45,-0.43
Livs0125s3p,287618.25,2476411.6,-3.08,-1.06,-0.28,-0.34
Livs0125s3p,287618.26,2476411.6,-3,-0.88,-0.18,-0.32
Livs0125s3p,287618.27,2476411.57,-2.91,-0.78,0.02,-0.24
Livs0125s3p,287618.27,2476411.54,-3.01,-0.69,0.1,-0.34
Livs0125s3p,287618.27,2476411.5,-3.02,-0.59,0.09,-0.15
Livs0125s3p,287618.28,2476411.47,-2.83,-0.61,0.09,-0.04
Livs0125s3p,287618.28,2476411.43,-2.67,-0.7,0.02,-0.05
Livs0125s3p,287618.29,2476411.4,-2.3,-0.88,-0.1,-0.23
Livs0125s3p,287618.29,2476411.36,-2.21,-1.17,-0.09,-0.24
Livs0125s3p,287618.29,2476411.33,-2.2,-1.25,-0.09,-0.42
Livs0125s3p,287618.3,2476411.3,-2.21,-1.26,-0.17,-0.33
Livs0125s3p,287618.29,2476411.26,-2.29,-1.06,0.02,-0.23
Livs0125s3p,287618.26,2476411.21,-2.28,-0.78,0.11,0.04
Livs0125s3p,287618.22,2476411.17,-2.28,-0.68,0.3,0.13
Livs0125s3p,287618.18,2476411.12,-2.29,-0.69,0.29,0.14
Livs0125s3p,287618.14,2476411.08,-2.29,-0.79,0.19,0.14
Livs0125s3p,287618.11,2476411.03,-2.39,-0.71,0.19,0.22
Livs0125s3p,287618.07,2476410.99,-2.49,-0.88,0.27,0.22
Livs0125s3p,287618.03,2476410.94,-2.59,-0.88,0.29,0.14
Livs0125s3p,287617.99,2476410.9,-2.68,-0.8,0.18,0.15
Livs0125s3p,287617.95,2476410.85,-2.69,-0.81,0.29,0.05
Livs0125s3p,287617.93,2476410.82,-3.15,-0.72,0.28,0.05
Livs0125s3p,287617.92,2476410.81,-3.27,-0.81,0.19,0.15
Livs0125s3p,287617.93,2476410.81,-3.45,-0.71,-0.1,0.04
Livs0125s3p,287617.93,2476410.81,-3.36,-0.82,-0.09,0.05
Livs0125s3p,287617.93,2476410.81,-3.55,-1.08,-0.18,-0.14
Livs0125s3p,287617.93,2476410.81,-3.46,-1.27,-0.08,-0.15
Livs0125s3p,287617.93,2476410.81,-3.56,-1.45,-0.17,-0.23
Livs0125s3p,287617.94,2476410.81,-3.66,-1.36,-0.37,-0.33
Livs0125s3p,287617.94,2476410.81,-3.65,-1.36,-0.38,-0.43
Livs0125s3p,287617.94,2476410.81,-3.83,-1.38,-0.37,-0.42
Livs0125s3p,287617.95,2476410.81,-3.84,-1.36,-0.27,-0.33
Livs0125s3p,287617.95,2476410.81,-3.93,-1.28,-0.27,-0.23
Livs0125s3p,287617.97,2476410.81,-3.82,-1.45,-0.27,-0.24
Livs0125s3p,287617.98,2476410.81,-3.72,-1.54,-0.26,-0.23
Livs0125s3p,287617.99,2476410.81,-3.72,-1.53,-0.27,-0.33
Livs0125s3p,287618,2476410.82,-3.71,-1.35,-0.46,-0.42
Livs0125s3p,287618.01,2476410.82,-3.88,-1.35,-0.46,-0.34
Livs0125s3p,287618.02,2476410.82,-3.89,-1.44,-0.55,-0.33
Livs0125s3p,287618.03,2476410.82,-3.71,-1.44,-0.46,-0.33
Livs0125s3p,287618.04,2476410.82,-3.6,-1.44,-0.37,-0.33
Livs0125s3p,287618.04,2476410.82,-3.62,-1.54,-0.19,-0.24
Livs0125s3p,287618.04,2476410.82,-3.46,-1.35,-0.27,-0.34
Livs0125s3p,287618.03,2476410.81,-3.47,-1.38,-0.28,-0.24
Livs0125s3p,287618.02,2476410.81,-3.4,-1.48,-0.19,-0.32
Livs0125s3p,287618.01,2476410.8,-3.41,-1.39,-0.28,-0.23
Livs0125s3p,287618,2476410.8,-3.53,-1.38,-0.37,-0.31
Livs0125s3p,287617.99,2476410.79,-3.64,-1.49,-0.36,-0.32
Livs0125s3p,287617.98,2476410.79,-3.84,-1.59,-0.47,-0.51
Livs0125s3p,287617.97,2476410.78,-3.8,-1.51,-0.46,-0.42
Livs0125s3p,287617.95,2476410.78,-3.74,-1.43,-0.39,-0.23
Livs0125s3p,287617.84,2476410.77,-3.39,-1.44,-0.2,-0.14
Livs0125s3p,287617.7,2476410.77,-3.42,-1.44,-0.2,-0.04
Livs0125s3p,287617.56,2476410.76,-3.27,-1.65,-0.2,0.04
Livs0125s3p,287617.42,2476410.76,-3.31,-1.66,-0.11,-0.04
Livs0125s3p,287617.28,2476410.76,-3.51,-1.86,-0.2,-0.14
Livs0125s3p,287617.13,2476410.75,-3.91,-1.78,-0.3,-0.31
Livs0125s3p,287616.99,2476410.75,-3.94,-1.78,-0.48,-0.32
Livs0125s3p,287616.85,2476410.74,-3.79,-1.6,-0.47,-0.22
Livs0125s3p,287616.71,2476410.74,-3.27,-1.35,-0.49,-0.33
Livs0125s3p,287616.57,2476410.74,-3.02,-1.26,-0.4,-0.4
Livs0125s3p,287616.44,2476410.74,-3.05,-1.26,-0.59,-0.51
Livs0125s3p,287616.31,2476410.74,-3.18,-1.37,-0.5,-0.42
Livs0125s3p,287616.19,2476410.74,-3.4,-1.37,-0.4,-0.41
Livs0125s3p,287616.06,2476410.75,-3.52,-1.38,-0.4,-0.32
Livs0125s3p,287615.93,2476410.75,-3.47,-1.49,-0.6,-0.31
Livs0125s3p,287615.81,2476410.75,-3.38,-1.41,-0.5,-0.4
Livs0125s3p,287615.69,2476410.76,-3.12,-1.14,-0.6,-0.41
Livs0125s3p,287615.56,2476410.76,-2.86,-0.95,-0.42,-0.41
Livs0125s3p,287615.43,2476410.76,-2.6,-0.7,-0.21,-0.41
Livs0125s3p,287615.31,2476410.77,-2.51,-0.77,-0.23,-0.5
Livs0125s3p,287615.18,2476410.76,-2.55,-0.6,-0.14,-0.49
Livs0125s3p,287615.04,2476410.76,-2.65,-0.8,-0.22,-0.69
Livs0125s3p,287614.91,2476410.76,-2.19,-0.43,-0.33,-0.7
Livs0125s3p,287614.78,2476410.75,-1.01,0.59,0.22,-0.41
Livs0125s3p,287614.65,2476410.75,1.38,2.6,1.25,0.34
Livs0125s3p,287614.51,2476410.75,5.16,5.75,2.92,1.25
Livs0125s3p,287614.38,2476410.74,9.13,8.42,4.3,1.98
Livs0125s3p,287614.25,2476410.74,11.98,9.92,5.23,2.37
Livs0125s3p,287614.12,2476410.74,11.97,9.26,5.22,2
Livs0125s3p,287613.98,2476410.74,10.38,7.86,5.05,2.01
Livs0125s3p,287613.85,2476410.74,7.8,5.54,3.93,1.35
Livs0125s3p,287613.73,2476410.75,5,3.52,3,0.69
Livs0125s3p,287613.6,2476410.75,2.03,1.47,1.99,0.34
Livs0125s3p,287613.47,2476410.76,1.65,1.09,1.34,-0.03
Livs0125s3p,287613.34,2476410.76,2.39,1.56,1.16,-0.22
Livs0125s3p,287613.21,2476410.77,2.93,1.75,1.24,-0.05
Livs0125s3p,287613.08,2476410.78,2.74,1.55,1.05,0.16
Livs0125s3p,287612.96,2476410.78,1.9,1.65,1.16,0.06
Livs0125s3p,287612.83,2476410.79,2.72,2.48,1.07,0.33
Livs0125s3p,287612.71,2476410.79,4,3.4,1.62,0.16
Livs0125s3p,287612.59,2476410.8,5.3,4.13,1.9,-0.05
Livs0125s3p,287612.49,2476410.8,4.94,4.04,1.88,0.15
Livs0125s3p,287612.38,2476410.81,3.29,2.76,1.71,0.16
Livs0125s3p,287612.27,2476410.81,1.9,1.73,1.43,0.25
Livs0125s3p,287612.16,2476410.81,0.68,1,1.06,0.25
Livs0125s3p,287612.06,2476410.82,-0.04,0.63,0.88,0.14
Livs0125s3p,287611.95,2476410.82,0.5,1,0.97,0.14
Livs0125s3p,287611.84,2476410.82,2.27,2.3,1.52,0.41
Livs0125s3p,287611.74,2476410.83,5.59,4.88,2.44,0.98
Livs0125s3p,287611.62,2476410.83,8.2,6.72,3.55,1.44
Livs0125s3p,287611.49,2476410.82,9.96,7.75,3.92,1.64
Livs0125s3p,287611.36,2476410.82,10.71,8.04,4.29,1.72
Livs0125s3p,287611.22,2476410.81,9.96,7.3,3.92,1.34
Livs0125s3p,287611.09,2476410.81,7.1,4.97,3.38,0.98
Livs0125s3p,287610.96,2476410.8,4.41,3.31,2.63,0.8
Livs0125s3p,287610.83,2476410.8,2,1.55,1.89,0.53
Livs0125s3p,287610.69,2476410.79,-0.13,0.43,1.33,0.25
Livs0125s3p,287610.56,2476410.79,-1.99,-0.4,0.96,0.24
Livs0125s3p,287610.43,2476410.78,-3.67,-1.32,0.32,-0.14
Livs0125s3p,287610.3,2476410.78,-4.13,-1.6,0.03,-0.13
Livs0125s3p,287610.17,2476410.78,-4.49,-1.78,-0.34,-0.31
Livs0125s3p,287610.05,2476410.78,-4.61,-2.06,-0.52,-0.5
Livs0125s3p,287609.93,2476410.78,-4.68,-2.16,-0.78,-0.7
Livs0125s3p,287609.81,2476410.78,-4.33,-1.79,-0.6,-0.5
Livs0125s3p,287609.69,2476410.78,-3.76,-1.31,-0.34,-0.22
Livs0125s3p,287609.57,2476410.78,-3.02,-0.95,0.04,0.16
Livs0125s3p,287609.45,2476410.78,-2.47,-0.39,0.32,0.23
Livs0125s3p,287609.33,2476410.79,-1.61,0.07,0.49,0.34
Livs0125s3p,287609.21,2476410.79,-0.6,0.81,0.78,0.53
Livs0125s3p,287609.08,2476410.79,0.32,1.17,1.07,0.41
Livs0125s3p,287608.95,2476410.79,1.63,2,1.62,0.79
Livs0125s3p,287608.81,2476410.79,3.48,3.69,2.35,1.06
Livs0125s3p,287608.67,2476410.79,6.43,5.98,3.56,1.63
Livs0125s3p,287608.53,2476410.79,10.87,9.6,5.21,2.55
Livs0125s3p,287608.4,2476410.79,17.07,14.12,6.98,3.48
Livs0125s3p,287608.26,2476410.79,18.94,15.14,8.46,4.2
Livs0125s3p,287608.12,2476410.79,18.37,13.85,8.27,4.03
Livs0125s3p,287607.94,2476410.79,13.95,10.06,6.79,3.09
Livs0125s3p,287607.84,2476410.79,9.61,6.55,5.87,2.54
Livs0125s3p,287607.7,2476410.79,5.26,3.52,4.11,1.52
Livs0125s3p,287607.57,2476410.78,1.67,1.29,2.27,0.62
Livs0125s3p,287607.43,2476410.78,-0.9,-0.36,1.33,0.33
Livs0125s3p,287607.3,2476410.78,-2.66,-1.11,0.79,0.25
Livs0125s3p,287607.17,2476410.78,-3.97,-1.38,0.4,0.16
Livs0125s3p,287607.04,2476410.77,-4.14,-1.39,0.14,0.05
Livs0125s3p,287606.9,2476410.77,-4.04,-1.57,0.04,0.05
Livs0125s3p,287606.77,2476410.77,-4.23,-1.75,-0.15,-0.04
Livs0125s3p,287606.63,2476410.77,-4.3,-1.46,-0.14,-0.32
Livs0125s3p,287606.5,2476410.76,-4,-1.36,-0.33,-0.41
Livs0125s3p,287606.37,2476410.76,-3.62,-1.18,-0.24,-0.33
Livs0125s3p,287606.25,2476410.76,-2.95,-0.61,-0.14,-0.32
Livs0125s3p,287606.13,2476410.76,-2.45,0.23,0.25,-0.24
Livs0125s3p,287606.01,2476410.76,-1.44,1.06,0.89,0.23
Livs0125s3p,287605.89,2476410.76,0.53,2.36,1.34,0.52
Livs0125s3p,287605.77,2476410.76,1.94,2.84,1.73,0.7
Livs0125s3p,287605.64,2476410.76,2.79,3.11,2.09,0.88
Livs0125s3p,287605.52,2476410.76,2.99,2.95,2.09,0.69
Livs0125s3p,287605.4,2476410.76,2.65,2.57,1.82,0.5
Livs0125s3p,287605.28,2476410.76,2.11,1.94,1.72,0.33
Livs0125s3p,287605.15,2476410.76,2.23,1.77,1.55,0.33
Livs0125s3p,287605.02,2476410.76,2.24,1.59,1.44,0.25
Livs0125s3p,287604.89,2476410.76,2.08,1.6,1.44,0.34
Livs0125s3p,287604.76,2476410.76,1.55,1.3,1.17,0.33
Livs0125s3p,287604.63,2476410.76,0.73,0.86,1.08,0.34
Livs0125s3p,287604.5,2476410.76,-0.75,0.22,0.81,0.24
Livs0125s3p,287604.37,2476410.75,-1.55,-0.25,0.61,0.04
Livs0125s3p,287604.24,2476410.75,-2.27,-0.59,0.34,-0.04
Livs0125s3p,287604.11,2476410.75,-2.81,-0.87,0.25,0.05
Livs0125s3p,287603.98,2476410.75,-2.78,-1.05,0.07,-0.13
Livs0125s3p,287603.85,2476410.76,-3.03,-1.31,-0.02,-0.15
Livs0125s3p,287603.73,2476410.76,-3.3,-1.4,-0.1,-0.23
Livs0125s3p,287603.61,2476410.76,-3.46,-1.48,-0.12,-0.14
Livs0125s3p,287603.48,2476410.77,-3.25,-1.39,-0.03,-0.14
Livs0125s3p,287603.36,2476410.77,-2.98,-1.12,0.07,-0.04
Livs0125s3p,287603.24,2476410.78,-2.23,-0.57,0.26,-0.05
Livs0125s3p,287603.11,2476410.78,-0.55,1.01,0.63,0.05
Livs0125s3p,287602.99,2476410.78,2.9,3.98,2.38,0.97
Livs0125s3p,287602.87,2476410.79,8.64,8.25,4.53,2.17
Livs0125s3p,287602.74,2476410.79,15.57,13.53,7.3,3.58
Livs0125s3p,287602.62,2476410.79,25.3,20.11,9.91,4.88
Livs0125s3p,287602.49,2476410.79,28.75,21.58,11.46,5.52
Livs0125s3p,287602.36,2476410.79,28.18,20.03,11.29,4.87
Livs0125s3p,287602.24,2476410.79,25.86,17.53,10.27,4.21
Livs0125s3p,287602.11,2476410.79,24.47,16.68,10.09,3.94
Livs0125s3p,287601.99,2476410.79,25.75,18.36,10.55,4.22
Livs0125s3p,287601.86,2476410.79,26.69,19.45,11.29,4.77
Livs0125s3p,287601.73,2476410.79,25.3,18.43,11.19,4.67
Livs0125s3p,287601.61,2476410.79,21.39,15.57,9.99,4.03
Livs0125s3p,287601.48,2476410.79,15.93,11.31,7.85,3.02
Livs0125s3p,287601.37,2476410.79,10.1,7.03,5.63,2.09
Livs0125s3p,287601.25,2476410.79,3.61,2.41,3.77,1.25
Livs0125s3p,287601.13,2476410.8,0.65,0.28,1.75,0.51
Livs0125s3p,287601.02,2476410.8,-1.2,-0.84,0.92,0.14
Livs0125s3p,287600.9,2476410.8,-2.2,-1.39,0.46,-0.04
Livs0125s3p,287600.78,2476410.8,-2.95,-1.48,0.08,-0.42
Livs0125s3p,287600.67,2476410.8,-3.4,-1.37,-0.11,-0.33
Livs0125s3p,287600.55,2476410.81,-3.1,-1.2,-0.01,-0.31
Livs0125s3p,287600.43,2476410.81,-2.65,-0.92,0.08,-0.23
Livs0125s3p,287600.31,2476410.81,-2.08,-0.63,0.16,-0.23
Livs0125s3p,287600.19,2476410.81,-1.34,-0.17,0.27,-0.15
Livs0125s3p,287600.06,2476410.81,0.41,0.93,0.64,0.15
Livs0125s3p,287599.93,2476410.8,1.9,2.32,1.2,0.41
Livs0125s3p,287599.81,2476410.8,3.75,3.91,2.29,0.97
Livs0125s3p,287599.68,2476410.8,5.59,5.3,3.03,1.43
Livs0125s3p,287599.55,2476410.8,6.62,5.84,3.41,1.45
Livs0125s3p,287599.42,2476410.8,6.7,5.2,3.41,1.45
Livs0125s3p,287599.3,2476410.79,6.24,4.55,3.14,1.26
Livs0125s3p,287599.17,2476410.79,5.87,4.45,3.03,1.06
Livs0125s3p,287599.04,2476410.79,5.78,4.74,3.13,1.25
Livs0125s3p,287598.91,2476410.79,5.77,5.01,3.31,1.26
Livs0125s3p,287598.78,2476410.8,5.22,4.83,3.23,1.17
Livs0125s3p,287598.64,2476410.8,3.46,3.81,2.96,1.07
Livs0125s3p,287598.51,2476410.8,1.87,2.79,2.22,0.7
Livs0125s3p,287598.38,2476410.8,0.22,1.32,1.55,0.34
Livs0125s3p,287598.25,2476410.81,-1.06,0.48,1.1,0.23
Livs0125s3p,287598.11,2476410.81,-1.91,-0.34,0.63,0.14
Livs0125s3p,287597.98,2476410.81,-2.92,-1.18,0.25,-0.04
Livs0125s3p,287597.85,2476410.81,-3.18,-1.18,-0.11,-0.33
Livs0125s3p,287597.73,2476410.82,-3.36,-1.36,-0.29,-0.5
Livs0125s3p,287597.61,2476410.82,-3.44,-1.44,-0.48,-0.5
Livs0125s3p,287597.5,2476410.82,-3.33,-1.25,-0.38,-0.52
Livs0125s3p,287597.38,2476410.82,-3.05,-0.98,-0.21,-0.22
Livs0125s3p,287597.27,2476410.83,-2.67,-0.8,-0.1,-0.23
Livs0125s3p,287597.16,2476410.83,-2.3,-0.62,-0.01,-0.14
Livs0125s3p,287597.05,2476410.83,-1.92,-0.52,-0.01,-0.05
Livs0125s3p,287596.93,2476410.83,-1.66,-0.42,-0.01,-0.14
Livs0125s3p,287596.8,2476410.83,-1.1,-0.05,0.09,-0.14
Livs0125s3p,287596.7,2476410.83,-0.63,0.49,0.46,0.05
Livs0125s3p,287596.58,2476410.84,0.13,1.25,0.92,0.32
Livs0125s3p,287596.44,2476410.84,1.9,2.55,1.47,0.59
Livs0125s3p,287596.3,2476410.84,4.6,4.32,2.32,0.89
Livs0125s3p,287596.16,2476410.84,5.43,4.78,2.69,0.79
Livs0125s3p,287596.02,2476410.84,5.35,4.32,2.58,0.61
Livs0125s3p,287595.88,2476410.84,4.51,3.4,2.23,0.52
Livs0125s3p,287595.74,2476410.85,3.15,2.29,1.93,0.32
Livs0125s3p,287595.6,2476410.85,1.67,1.27,1.56,0.24
Livs0125s3p,287595.45,2476410.85,-0.3,0.16,0.92,0.14
Livs0125s3p,287595.32,2476410.85,-1.21,-0.31,0.74,-0.04
Livs0125s3p,287595.2,2476410.85,-1.58,-0.49,0.65,0.15
Livs0125s3p,287595.08,2476410.85,-1.75,-0.49,0.56,0.15
Livs0125s3p,287594.97,2476410.85,-1.66,-0.39,0.27,0.14
Livs0125s3p,287594.86,2476410.85,-1.65,-0.21,0.26,-0.05
Livs0125s3p,287594.74,2476410.85,-1.55,-0.19,0.26,-0.04
Livs0125s3p,287594.63,2476410.85,-1.44,-0.19,0.28,-0.05
Livs0125s3p,287594.52,2476410.85,-1.23,-0.11,0.37,0.04
Livs0125s3p,287594.4,2476410.85,-1.06,-0.02,0.47,0.14
Livs0125s3p,287594.29,2476410.85,-0.95,0,0.45,0.15
Livs0125s3p,287594.18,2476410.85,-0.87,0.09,0.45,0.14
Livs0125s3p,287594.06,2476410.85,-0.78,0.46,0.55,0.22
Livs0125s3p,287593.95,2476410.85,-0.13,0.91,0.73,0.33
Livs0125s3p,287593.83,2476410.85,2.48,3.33,1.4,0.71
Livs0125s3p,287593.71,2476410.85,7.77,7.69,2.77,1.43
Livs0125s3p,287593.6,2476410.86,17.51,15.49,7.6,3.95
Livs0125s3p,287593.48,2476410.86,32.82,27.73,13.64,7.18
Livs0125s3p,287593.37,2476410.86,53.32,43.41,21.62,11.17
Livs0125s3p,287593.25,2476410.86,79.29,61.58,29.12,14.88
Livs0125s3p,287593.13,2476410.86,85.78,64.82,33.48,16.75
Livs0125s3p,287593.02,2476410.86,79.74,57.77,31.89,15.15
Livs0125s3p,287592.89,2476410.86,64.65,44.34,26.7,11.82
Livs0125s3p,287592.76,2476410.85,46.27,29.5,20.22,8.31
Livs0125s3p,287592.64,2476410.85,29.32,16.71,14.09,5.14
Livs0125s3p,287592.51,2476410.84,12.06,5.29,9.18,2.84
Livs0125s3p,287592.39,2476410.84,5.01,1.48,4.73,0.98
Livs0125s3p,287592.26,2476410.83,0.11,-0.45,3.25,0.51
Livs0125s3p,287592.13,2476410.83,-2.47,-1.28,2.41,0.14
Livs0125s3p,287592.01,2476410.82,-3.23,-1.48,1.76,0.06
Livs0125s3p,287591.88,2476410.82,-3.03,-0.73,1.31,-0.04
Livs0125s3p,287591.76,2476410.82,-2.76,-0.36,0.92,-0.05
Livs0125s3p,287591.65,2476410.82,-2.4,-0.28,0.47,-0.14
Livs0125s3p,287591.54,2476410.82,-1.92,-0.07,0.55,-0.14
Livs0125s3p,287591.43,2476410.82,-1.82,-0.17,0.57,-0.04
Livs0125s3p,287591.32,2476410.82,-1.66,-0.27,0.28,-0.05
Livs0125s3p,287591.21,2476410.82,-1.65,-0.17,0.28,-0.06
Livs0125s3p,287591.1,2476410.82,-1.38,-0.08,0.28,-0.15
Livs0125s3p,287591,2476410.82,-1.45,-0.09,0.19,-0.13
Livs0125s3p,287590.89,2476410.82,-1.17,0.19,0.28,-0.13
Livs0125s3p,287590.78,2476410.82,0.06,1.32,0.56,0.05
Livs0125s3p,287590.67,2476410.82,2.09,2.81,1.02,0.33
Livs0125s3p,287590.55,2476410.82,6.09,6.43,3.06,1.45
Livs0125s3p,287590.43,2476410.82,12.8,11.73,5.56,2.75
Livs0125s3p,287590.31,2476410.83,19.4,16.55,8.17,4.14
Livs0125s3p,287590.19,2476410.83,23.47,18.41,9.56,4.86
Livs0125s3p,287590.07,2476410.83,22.36,16.55,9.75,4.68
Livs0125s3p,287589.95,2476410.83,19.22,13.4,8.44,3.76
Livs0125s3p,287589.84,2476410.84,14.88,9.59,6.87,2.73
Livs0125s3p,287589.72,2476410.84,10.44,6.19,5.39,1.91
Livs0125s3p,287589.6,2476410.84,6.56,3.58,3.72,1.25
Livs0125s3p,287589.49,2476410.85,2.37,1.09,2.42,0.68
Livs0125s3p,287589.39,2476410.85,0.7,0.25,1.41,0.32
Livs0125s3p,287589.29,2476410.86,-0.12,-0.13,0.94,0.22
Livs0125s3p,287589.2,2476410.86,-0.76,-0.21,0.66,0.14
Livs0125s3p,287589.1,2476410.87,-1.22,-0.4,0.29,0.03
Livs0125s3p,287589.01,2476410.87,-1.78,-0.86,0.19,-0.14
Livs0125s3p,287588.92,2476410.88,-2.04,-1.06,-0.19,-0.42
Livs0125s3p,287588.82,2476410.88,-2.32,-1.33,-0.27,-0.7
Livs0125s3p,287588.73,2476410.89,-2.59,-1.32,-0.36,-0.7
Livs0125s3p,287588.63,2476410.89,-2.42,-1.14,-0.16,-0.43
Livs0125s3p,287588.53,2476410.89,-2.12,-0.86,-0.17,-0.34
Livs0125s3p,287588.4,2476410.89,-1.93,-0.58,-0.26,-0.34
Livs0125s3p,287588.27,2476410.89,-2.03,-0.02,-0.08,-0.14
Livs0125s3p,287588.14,2476410.89,-1.92,0.25,0.02,-0.14
Livs0125s3p,287588.01,2476410.88,-1.65,0.65,0.11,-0.14
Livs0125s3p,287587.88,2476410.88,-0.24,1.29,0.38,0.15
Livs0125s3p,287587.74,2476410.88,2.63,3.33,1.14,0.59
Livs0125s3p,287587.61,2476410.88,9.22,8.62,4.1,2.26
Livs0125s3p,287587.48,2476410.87,25.3,22.08,10.78,5.81
Livs0125s3p,287587.35,2476410.87,58.61,49.09,23.31,12.57
Livs0125s3p,287587.23,2476410.87,98.05,79.63,38.62,20.29
Livs0125s3p,287587.14,2476410.87,136.58,105.43,50.32,25.3
Livs0125s3p,287587.05,2476410.87,142.88,106.26,56.44,27.04
Livs0125s3p,287586.96,2476410.87,132.97,94.57,53.19,24.36
Livs0125s3p,287586.87,2476410.87,111.37,75.09,45.5,19.92
Livs0125s3p,287586.79,2476410.87,83.42,52.63,35.37,14.34
Livs0125s3p,287586.7,2476410.87,46.38,25.33,25.44,9.41
Livs0125s3p,287586.61,2476410.87,26.89,12.53,14.2,4.42
Livs0125s3p,287586.51,2476410.87,13.63,4.74,9.02,2.27
Livs0125s3p,287586.44,2476410.87,5.46,0.74,5.59,1.05
Livs0125s3p,287586.33,2476410.87,0.44,-0.55,3.25,0.51
Livs0125s3p,287586.19,2476410.87,-0.59,-0.46,1.67,0.59
Livs0125s3p,287586.05,2476410.87,-1.15,-0.38,0.57,0.52
Livs0125s3p,287585.9,2476410.87,-1.62,-0.46,0.3,0.23
Livs0125s3p,287585.75,2476410.87,-2,-0.47,-0.08,-0.05
Livs0125s3p,287585.6,2476410.88,-2.08,-0.57,0,-0.04
Livs0125s3p,287585.45,2476410.88,-0.96,-0.65,0.2,0.32
Livs0125s3p,287585.3,2476410.88,-0.4,-0.47,0.29,0.52
Livs0125s3p,287585.14,2476410.88,-0.32,-0.19,0.28,0.42
Livs0125s3p,287585,2476410.89,-0.52,0.19,0.3,0.23
Livs0125s3p,287584.9,2476410.88,-0.63,0.45,0.38,0.13
Livs0125s3p,287584.81,2476410.88,-0.84,0.54,0.38,-0.14
Livs0125s3p,287584.73,2476410.88,-0.56,0.63,0.39,-0.06
Livs0125s3p,287584.64,2476410.88,-0.57,0.72,0.47,-0.14
Livs0125s3p,287584.55,2476410.87,-0.69,0.53,0.48,-0.05
Livs0125s3p,287584.47,2476410.87,-1,0.04,0.38,-0.04
Livs0125s3p,287584.38,2476410.87,-1.21,-0.23,0.2,-0.15
Livs0125s3p,287584.3,2476410.86,-1.42,-0.25,0.1,0.04
Livs0125s3p,287584.21,2476410.86,-1.27,-0.43,0.19,0.14
Livs0125s3p,287584.13,2476410.86,-1.18,-0.44,0.2,0.06
Livs0125s3p,287584.06,2476410.87,-1.3,-0.37,0.18,0.24
Livs0125s3p,287583.99,2476410.88,-1.13,-0.19,0.09,0.13
Livs0125s3p,287583.93,2476410.9,-1.07,-0.37,0.1,-0.05
Livs0125s3p,287583.87,2476410.91,-1.08,-0.76,0.26,-0.23
Livs0125s3p,287583.8,2476410.92,-1.01,-0.57,0.38,-0.22
Livs0125s3p,287583.74,2476410.93,-1.12,-0.69,0.36,-0.31
Livs0125s3p,287583.68,2476410.95,-1.34,-1.06,0.19,-0.32
Livs0125s3p,287583.61,2476410.96,-1.35,-1.06,0.27,-0.32
Livs0125s3p,287583.55,2476410.97,-1.26,-0.88,0.27,-0.32
Livs0125s3p,287583.5,2476410.98,-1.54,-0.87,0.09,-0.32
Livs0125s3p,287583.48,2476410.98,-1.84,-0.89,0.26,-0.42
Livs0125s3p,287583.46,2476410.98,-2.02,-0.52,0.35,-0.15
Livs0125s3p,287583.45,2476410.98,-1.75,-0.44,0.08,-0.22
Livs0125s3p,287583.44,2476410.98,-1.66,-0.61,-0.1,-0.32
Livs0125s3p,287583.42,2476410.97,-1.73,-0.62,-0.19,-0.23
Livs0125s3p,287583.41,2476410.97,-1.55,-0.24,-0.3,0.04
Livs0125s3p,287583.4,2476410.97,-1.01,0.31,-0.02,0.06
